Date,Tmax,Tmin,Tavg,Depart,PrecipTotal,Heat
1/1/05,41,25,33,10,0.25,32
1/2/05,54,33,44,21,0.03,21
1/3/05,36,32,34,11,0.16,31
1/4/05,35,30,33,11,0.05,32
1/5/05,31,26,29,7,0.05,36
1/6/05,27,12,20,-2,0.19,45
1/7/05,28,7,18,-4,  T,47
1/8/05,27,24,26,4,  T,39
1/9/05,34,26,30,8,  T,35
1/10/05,35,29,32,10,  T,33
1/11/05,36,33,35,13,0.13,30
1/12/05,62,34,48,26,0.89,17
1/13/05,46,15,31,10,0.54,34
1/14/05,15,4,10,-11,0,55
1/15/05,15,4,10,-11,0,55
1/16/05,14,3,9,-12,0,56
1/17/05,11,2,7,-14,0,58
1/18/05,23,1,12,-9,  T,53
1/19/05,35,23,29,7,0.01,36
1/20/05,28,23,26,4,  T,39
1/21/05,24,17,21,-1,  T,44
1/22/05,23,11,17,-5,  T,48
1/23/05,23,8,16,-6,0.12,49
1/24/05,31,21,26,4,0.11,39
1/25/05,43,23,33,11,0,32
1/26/05,35,17,26,4,0.02,39
1/27/05,21,5,13,-9,  T,52
1/28/05,27,2,15,-7,0.01,50
1/29/05,35,20,28,5,0.03,37
1/30/05,35,25,30,7,0,35
1/31/05,37,19,28,5,0,37
2/1/05,34,22,28,5,0,37
2/2/05,36,16,26,3,0,39
2/3/05,44,15,30,6,0,35
2/4/05,50,22,36,12,0,29
2/5/05,55,36,46,22,0,19
2/6/05,47,39,43,19,0.06,22
2/7/05,45,33,39,14,0.19,26
2/8/05,33,25,29,4,  T,36
2/9/05,31,24,28,3,0.01,37
2/10/05,32,22,27,1,  T,38
2/11/05,42,23,33,7,0.01,32
2/12/05,51,33,42,16,0,23
2/13/05,41,35,38,12,0.54,27
2/14/05,49,37,43,16,0.14,22
2/15/05,42,33,38,11,0.2,27
2/16/05,33,26,30,3,  T,35
2/17/05,27,16,22,-6,  T,43
2/18/05,26,11,19,-9,0,46
2/19/05,41,22,32,4,  T,33
2/20/05,37,31,34,5,0.36,31
2/21/05,36,33,35,6,0,30
2/22/05,36,21,29,0,  T,36
2/23/05,36,20,28,-2,0,37
2/24/05,36,27,32,2,  T,33
2/25/05,41,27,34,4,  T,31
2/26/05,33,25,29,-2,  T,36
2/27/05,40,26,33,2,0.2,32
2/28/05,35,26,31,0,0.32,34
3/1/05,27,19,23,-9,  T,42
3/2/05,27,13,20,-12,0,45
3/3/05,34,14,24,-9,0,41
3/4/05,44,20,32,-1,0.03,33
3/5/05,41,35,38,5,0,27
3/6/05,64,35,50,16,  T,15
3/7/05,57,27,42,8,0.02,23
3/8/05,30,18,24,-10,  T,41
3/9/05,30,18,24,-11,0,41
3/10/05,37,20,29,-6,0.15,36
3/11/05,35,25,30,-6,0.05,35
3/12/05,34,18,26,-10,  T,39
3/13/05,33,13,23,-13,0,42
3/14/05,36,21,29,-8,  T,36
3/15/05,41,21,31,-6,0,34
3/16/05,50,24,37,0,  T,28
3/17/05,35,29,32,-6,0.06,33
3/18/05,44,33,39,1,0.02,26
3/19/05,51,33,42,4,0.09,23
3/20/05,41,27,34,-5,0,31
3/21/05,38,26,32,-7,0,33
3/22/05,42,31,37,-2,0.02,28
3/23/05,40,27,34,-6,0.1,31
3/24/05,50,22,36,-4,0.06,29
3/25/05,39,33,36,-5,0.18,29
3/26/05,44,30,37,-4,  T,28
3/27/05,49,26,38,-3,0,27
3/28/05,60,27,44,2,0,21
3/29/05,71,33,52,10,0,13
3/30/05,77,54,66,24,0.62,0
3/31/05,59,39,49,6,  T,16
4/1/05,56,34,45,2,0.15,20
4/2/05,56,30,43,0,0.03,22
4/3/05,64,31,48,5,0,17
4/4/05,68,36,52,9,0,13
4/5/05,76,47,62,18,0,3
4/6/05,80,45,63,19,0.02,2
4/7/05,54,41,48,3,0.01,17
4/8/05,61,36,49,4,0,16
4/9/05,68,35,52,7,0,13
4/10/05,79,44,62,16,0,3
4/11/05,76,53,65,19,  T,0
4/12/05,54,42,48,2,0.63,17
4/13/05,54,39,47,0,0,18
4/14/05,63,33,M,M,0,M
4/15/05,63,33,48,1,0,17
4/16/05,74,37,56,8,  T,9
4/17/05,76,47,62,14,0.02,3
4/18/05,83,45,64,15,0,1
4/19/05,81,60,71,22,0,0
4/20/05,70,43,57,8,  T,8
4/21/05,57,42,50,0,0,15
4/22/05,46,38,42,-9,0.67,23
4/23/05,42,35,39,-12,  T,26
4/24/05,54,33,44,-7,0,21
4/25/05,67,39,53,1,0.02,12
4/26/05,57,43,50,-2,  T,15
4/27/05,55,40,48,-4,  T,17
4/28/05,57,38,48,-5,  T,17
4/29/05,53,39,46,-7,0,19
4/30/05,58,34,46,-7,0,19
5/1/05,49,35,42,-11,  T,23
5/2/05,44,35,40,-14,  T,25
5/3/05,52,33,43,-11,0,22
5/4/05,62,33,48,-6,0,17
5/5/05,70,38,54,-1,0,11
5/6/05,76,50,63,8,0.03,2
5/7/05,60,45,53,-2,0,12
5/8/05,85,43,64,8,0,1
5/9/05,77,62,70,14,0.15,0
5/10/05,82,60,71,15,0,0
5/11/05,64,43,54,-3,0.3,11
5/12/05,55,42,49,-8,0.07,16
5/13/05,73,49,61,3,  T,4
5/14/05,64,47,56,-2,0.06,9
5/15/05,54,41,48,-10,0,17
5/16/05,60,44,52,-7,0,13
5/17/05,71,49,60,1,  T,5
5/18/05,75,57,66,6,  T,0
5/19/05,72,51,62,2,1.27,3
5/20/05,68,47,58,-3,0,7
5/21/05,73,43,58,-3,  T,7
5/22/05,80,57,69,8,  T,0
5/23/05,70,52,61,0,  T,4
5/24/05,67,47,57,-5,0,8
5/25/05,69,47,58,-4,0,7
5/26/05,75,56,66,4,  T,0
5/27/05,70,48,59,-3,0.1,6
5/28/05,68,48,58,-5,0.01,7
5/29/05,70,43,57,-7,0,8
5/30/05,74,46,60,-4,0,5
5/31/05,72,46,59,-5,0,6
6/1/05,80,50,65,1,0,0
6/2/05,76,56,66,2,0.01,0
6/3/05,73,60,67,3,  T,0
6/4/05,86,57,72,8,0.39,0
6/5/05,87,68,78,13,0.01,0
6/6/05,89,66,78,12,0,0
6/7/05,92,61,77,11,0.02,0
6/8/05,89,66,78,12,0.24,0
6/9/05,89,64,77,11,0,0
6/10/05,88,67,78,11,0.02,0
6/11/05,88,72,80,13,0,0
6/12/05,80,70,75,7,  T,0
6/13/05,89,67,78,10,0.02,0
6/14/05,80,67,74,6,0.01,0
6/15/05,70,58,64,-4,0.02,1
6/16/05,79,53,66,-3,0,0
6/17/05,70,51,61,-8,0,4
6/18/05,71,53,62,-8,0,3
6/19/05,78,52,65,-5,0,0
6/20/05,86,52,69,-1,0,0
6/21/05,89,60,75,5,0,0
6/22/05,85,59,72,2,0,0
6/23/05,93,60,77,7,0,0
6/24/05,96,76,86,15,0,0
6/25/05,91,69,80,9,0,0
6/26/05,93,70,82,11,0,0
6/27/05,95,68,82,11,0,0
6/28/05,94,76,85,14,  T,0
6/29/05,90,73,82,11,0.02,0
6/30/05,91,72,82,10,0.02,0
7/1/05,76,62,69,-3,0,0
7/2/05,75,54,65,-7,0,0
7/3/05,86,54,70,-2,0,0
7/4/05,87,67,77,5,0.1,0
7/5/05,87,63,75,3,0,0
7/6/05,80,64,72,0,0,0
7/7/05,81,64,73,1,0,0
7/8/05,85,60,73,0,0,0
7/9/05,88,56,72,-1,0,0
7/10/05,91,60,76,3,0,0
7/11/05,89,63,76,3,0,0
7/12/05,85,72,79,6,0.03,0
7/13/05,86,73,80,7,  T,0
7/14/05,87,71,79,6,0,0
7/15/05,87,70,79,5,  T,0
7/16/05,93,68,81,7,0,0
7/17/05,97,70,84,10,0,0
7/18/05,91,75,83,9,0,0
7/19/05,92,66,79,5,0,0
7/20/05,92,63,78,4,0.6,0
7/21/05,88,70,79,5,  T,0
7/22/05,86,64,75,1,0,0
7/23/05,83,64,74,0,0.03,0
7/24/05,102,78,90,16,0,0
7/25/05,89,72,81,7,0.49,0
7/26/05,84,66,75,1,0.7,0
7/27/05,74,56,65,-9,0,0
7/28/05,79,53,66,-8,0,0
7/29/05,83,61,72,-2,0,0
7/30/05,86,59,73,-1,0,0
7/31/05,89,69,79,5,0,0
8/1/05,93,69,81,8,0,0
8/2/05,92,65,79,6,0,0
8/3/05,93,74,84,11,  T,0
8/4/05,88,76,82,9,  T,0
8/5/05,84,62,73,0,0,0
8/6/05,84,59,72,-1,0,0
8/7/05,89,58,74,1,0,0
8/8/05,93,63,78,5,0,0
8/9/05,95,65,80,7,0.2,0
8/10/05,90,68,79,6,0.02,0
8/11/05,77,67,72,-1,0.18,0
8/12/05,85,72,79,6,0.46,0
8/13/05,75,68,72,-1,0.01,0
8/14/05,76,61,69,-3,0,0
8/15/05,82,60,71,-1,0,0
8/16/05,84,63,74,2,0,0
8/17/05,84,58,71,-1,0,0
8/18/05,84,69,77,5,0.25,0
8/19/05,88,69,79,8,0,0
8/20/05,86,69,78,7,1.35,0
8/21/05,82,65,74,3,0,0
8/22/05,73,61,67,-4,0,0
8/23/05,73,58,66,-5,0,0
8/24/05,76,57,67,-4,0,0
8/25/05,81,63,72,2,0,0
8/26/05,83,66,75,5,  T,0
8/27/05,84,67,76,6,  T,0
8/28/05,86,64,75,5,0,0
8/29/05,85,62,74,4,0,0
8/30/05,80,61,71,1,0,0
8/31/05,80,62,71,2,0,0
9/1/05,85,66,76,8,0,0
9/2/05,83,61,72,4,0,0
9/3/05,80,58,69,1,0,0
9/4/05,84,56,70,2,0,0
9/5/05,87,58,73,6,0,0
9/6/05,87,60,74,7,0,0
9/7/05,88,67,78,11,0.07,0
9/8/05,80,64,72,6,0,0
9/9/05,87,61,74,8,0,0
9/10/05,92,67,80,14,0,0
9/11/05,90,69,80,15,0,0
9/12/05,90,68,79,14,0,0
9/13/05,94,71,83,18,0.01,0
9/14/05,76,57,67,3,0.16,0
9/15/05,70,54,62,-2,0.34,3
9/16/05,70,54,62,-2,0.01,3
9/17/05,77,52,65,1,0,0
9/18/05,81,54,68,4,0,0
9/19/05,84,65,75,12,0.5,0
9/20/05,83,55,69,7,0,0
9/21/05,87,53,70,8,0,0
9/22/05,87,63,75,13,0.71,0
9/23/05,67,62,65,4,0,0
9/24/05,71,63,67,6,0.13,0
9/25/05,75,67,71,10,0.12,0
9/26/05,69,51,60,0,0.02,5
9/27/05,74,47,61,1,0,4
9/28/05,73,50,62,3,0.59,3
9/29/05,62,43,53,-6,0,12
9/30/05,71,44,58,-1,0,7
10/1/05,79,51,65,7,0,0
10/2/05,84,54,69,11,0.94,0
10/3/05,85,70,78,21,0,0
10/4/05,87,71,79,22,0,0
10/5/05,84,69,77,20,0,0
10/6/05,69,47,M,M,0,M
10/7/05,54,43,49,-7,  T,16
10/8/05,53,43,48,-8,0,17
10/9/05,59,46,53,-2,0,12
10/10/05,63,44,54,-1,0,11
10/11/05,60,55,58,4,  T,7
10/12/05,63,55,59,5,  T,6
10/13/05,72,49,61,8,  T,4
10/14/05,76,48,62,9,0,3
10/15/05,67,48,58,5,0,7
10/16/05,63,41,52,0,0,13
10/17/05,75,41,58,6,0.05,7
10/18/05,73,43,58,7,0,7
10/19/05,64,47,56,5,0,9
10/20/05,56,45,51,1,0,14
10/21/05,58,47,53,3,0,12
10/22/05,54,38,46,-4,0.08,19
10/23/05,48,32,40,-9,0.18,25
10/24/05,51,40,46,-3,0.01,19
10/25/05,51,38,45,-3,0.04,20
10/26/05,52,35,44,-4,0,21
10/27/05,54,34,44,-4,  T,21
10/28/05,57,31,44,-3,0,21
10/29/05,61,28,45,-2,0,20
10/30/05,65,43,54,8,0,11
10/31/05,57,50,54,8,0.09,11
11/1/05,56,39,48,3,  T,17
11/2/05,66,38,52,7,0,13
11/3/05,70,53,62,17,0,3
11/4/05,70,49,60,16,  T,5
11/5/05,62,46,54,10,0.3,11
11/6/05,61,40,51,8,0.46,14
11/7/05,62,36,49,6,0,16
11/8/05,62,47,55,13,0.08,10
11/9/05,66,41,54,12,0,11
11/10/05,48,29,39,-3,0,26
11/11/05,60,34,47,6,0,18
11/12/05,65,43,54,13,0.31,11
11/13/05,61,36,49,9,  T,16
11/14/05,49,28,39,-1,0.1,26
11/15/05,55,37,46,6,0.12,19
11/16/05,37,21,29,-10,  T,36
11/17/05,28,15,22,-17,0,43
11/18/05,38,21,30,-8,0,35
11/19/05,53,32,43,5,0,22
11/20/05,45,32,39,2,0,26
11/21/05,49,35,42,5,0,23
11/22/05,39,24,32,-5,0,33
11/23/05,44,30,37,1,0.06,28
11/24/05,41,16,29,-7,  T,36
11/25/05,27,13,20,-15,0.06,45
11/26/05,46,18,32,-3,0,33
11/27/05,55,40,48,14,0.13,17
11/28/05,61,39,50,16,0.65,15
11/29/05,39,26,33,-1,0.01,32
11/30/05,27,20,24,-9,  T,41
12/1/05,29,20,25,-8,0.01,40
12/2/05,24,13,19,-13,  T,46
12/3/05,30,20,25,-7,0.04,40
12/4/05,28,12,20,-11,0.02,45
12/5/05,17,4,11,-20,0,54
12/6/05,17,4,11,-20,  T,54
12/7/05,15,0,8,-22,0,57
12/8/05,28,3,16,-14,0.4,49
12/9/05,28,11,20,-10,  T,45
12/10/05,32,12,22,-7,0.09,43
12/11/05,33,7,20,-9,0.01,45
12/12/05,28,9,19,-9,  T,46
12/13/05,28,23,26,-2,  T,39
12/14/05,35,28,32,4,0.06,33
12/15/05,35,24,30,3,0.02,35
12/16/05,24,18,21,-6,0.02,44
12/17/05,20,11,16,-11,0,49
12/18/05,15,4,10,-16,0,55
12/19/05,11,-1,5,-21,0,60
12/20/05,21,5,13,-13,0,52
12/21/05,20,3,12,-14,0,53
12/22/05,38,6,22,-3,0,43
12/23/05,44,37,41,16,0,24
12/24/05,39,34,37,12,0.28,28
12/25/05,36,33,35,10,0.03,30
12/26/05,37,32,35,11,  T,30
12/27/05,47,32,40,16,  T,25
12/28/05,39,34,37,13,0.01,28
12/29/05,37,32,35,11,  T,30
12/30/05,38,33,36,13,0.33,29
12/31/05,37,32,35,12,  T,30
1/1/06,45,26,36,13,0.03,29
1/2/06,42,40,41,18,0.37,24
1/3/06,42,39,41,18,  T,24
1/4/06,43,36,40,18,0.02,25
1/5/06,37,31,34,12,  T,31
1/6/06,31,28,30,8,0,35
1/7/06,39,28,34,12,0,31
1/8/06,45,32,39,17,0,26
1/9/06,38,33,36,14,0,29
1/10/06,38,20,29,7,0.05,36
1/11/06,42,37,40,18,0.05,25
1/12/06,57,38,48,26,0,17
1/13/06,49,32,41,20,0.67,24
1/14/06,37,28,33,12,0,32
1/15/06,45,27,36,15,0,29
1/16/06,47,30,39,18,0,26
1/17/06,43,27,35,14,  T,30
1/18/06,35,20,28,7,  T,37
1/19/06,55,27,41,19,0,24
1/20/06,46,32,39,17,0.78,26
1/21/06,34,18,26,4,0.04,39
1/22/06,36,24,30,8,0,35
1/23/06,30,23,27,5,  T,38
1/24/06,40,29,35,13,  T,30
1/25/06,35,25,30,8,0,35
1/26/06,43,17,30,8,0,35
1/27/06,51,35,43,21,0,22
1/28/06,49,36,43,21,0.48,22
1/29/06,50,39,45,22,0.28,20
1/30/06,39,32,36,13,0.01,29
1/31/06,38,30,34,11,0,31
2/1/06,48,31,40,17,0,25
2/2/06,43,27,35,12,0,30
2/3/06,44,32,38,14,0.49,27
2/4/06,32,25,29,5,0.02,36
2/5/06,34,21,28,4,  T,37
2/6/06,36,20,28,4,0,37
2/7/06,33,20,27,2,0,38
2/8/06,30,21,26,1,0.02,39
2/9/06,32,16,24,-1,0.02,41
2/10/06,37,25,31,5,  T,34
2/11/06,35,26,31,5,0.06,34
2/12/06,30,23,27,1,  T,38
2/13/06,39,16,28,2,  T,37
2/14/06,56,24,40,13,0,25
2/15/06,42,32,37,10,0.1,28
2/16/06,37,22,30,3,1.09,35
2/17/06,24,3,14,-14,  T,51
2/18/06,8,-7,1,-27,0,64
2/19/06,20,1,11,-17,0,54
2/20/06,33,12,23,-6,0,42
2/21/06,37,19,28,-1,0,37
2/22/06,46,24,35,6,0,30
2/23/06,43,23,33,3,0,32
2/24/06,47,15,31,1,0,34
2/25/06,41,21,31,1,0,34
2/26/06,34,16,25,-6,0,40
2/27/06,38,27,33,2,0,32
2/28/06,38,26,32,1,0,33
3/1/06,41,31,36,4,  T,29
3/2/06,37,25,31,-1,  T,34
3/3/06,36,20,28,-5,0,37
3/4/06,41,21,31,-2,0,34
3/5/06,34,26,30,-3,0.3,35
3/6/06,36,28,32,-2,0.02,33
3/7/06,44,20,32,-2,0.15,33
3/8/06,53,39,46,12,0.38,19
3/9/06,58,38,48,13,0.72,17
3/10/06,54,38,46,11,  T,19
3/11/06,67,43,55,19,0.06,10
3/12/06,56,40,48,12,0.14,17
3/13/06,63,30,47,11,0.47,18
3/14/06,42,27,35,-2,  T,30
3/15/06,43,25,34,-3,0,31
3/16/06,38,32,35,-2,0.06,30
3/17/06,39,25,32,-6,0,33
3/18/06,41,25,33,-5,0,32
3/19/06,47,26,37,-1,0,28
3/20/06,37,25,31,-8,0,34
3/21/06,33,26,30,-9,0,35
3/22/06,49,25,37,-2,0,28
3/23/06,42,31,37,-3,0.05,28
3/24/06,40,31,36,-4,0.07,29
3/25/06,45,28,37,-4,  T,28
3/26/06,48,27,38,-3,0,27
3/27/06,50,25,38,-3,0.12,27
3/28/06,45,37,41,-1,0.07,24
3/29/06,51,34,43,1,0,22
3/30/06,70,35,53,11,  T,12
3/31/06,68,45,57,14,0.09,8
4/1/06,48,40,44,1,0,21
4/2/06,60,39,50,7,0.68,15
4/3/06,54,39,47,4,0.45,18
4/4/06,56,36,46,3,0,19
4/5/06,58,33,46,2,  T,19
4/6/06,58,39,49,5,  T,16
4/7/06,55,33,44,-1,0.02,21
4/8/06,43,26,35,-10,0,30
4/9/06,56,27,42,-3,0,23
4/10/06,71,34,53,7,0,12
4/11/06,75,48,62,16,0.01,3
4/12/06,76,58,67,21,0.02,0
4/13/06,80,52,66,19,0.05,0
4/14/06,81,63,72,25,0.01,0
4/15/06,67,49,58,11,  T,7
4/16/06,62,47,55,7,0.88,10
4/17/06,56,42,49,1,0.02,16
4/18/06,66,45,56,7,0,9
4/19/06,74,52,63,14,  T,2
4/20/06,75,53,64,15,0.09,1
4/21/06,71,44,58,8,0,7
4/22/06,68,47,58,7,0.04,7
4/23/06,72,41,57,6,0,8
4/24/06,73,39,56,5,0,9
4/25/06,46,32,39,-13,0.08,26
4/26/06,64,27,46,-6,0,19
4/27/06,71,38,55,3,0,10
4/28/06,68,37,53,0,0,12
4/29/06,61,51,56,3,0.31,9
4/30/06,59,52,56,3,0.94,9
5/1/06,59,54,57,4,0.27,8
5/2/06,72,52,62,8,0.1,3
5/3/06,73,50,62,8,  T,3
5/4/06,68,54,61,7,0,4
5/5/06,58,47,53,-2,0,12
5/6/06,58,40,49,-6,0,16
5/7/06,71,37,54,-1,0,11
5/8/06,73,47,60,4,0,5
5/9/06,71,54,63,7,  T,2
5/10/06,74,54,64,8,0.11,1
5/11/06,59,38,49,-8,0.7,16
5/12/06,47,36,42,-15,0.14,23
5/13/06,50,42,46,-12,0.07,19
5/14/06,56,42,49,-9,0.11,16
5/15/06,62,49,56,-2,0.16,9
5/16/06,65,48,57,-2,0.01,8
5/17/06,73,45,59,0,0.16,6
5/18/06,63,45,54,-6,0.03,11
5/19/06,64,43,54,-6,0,11
5/20/06,74,38,56,-5,  T,9
5/21/06,61,40,51,-10,  T,14
5/22/06,62,36,49,-12,0,16
5/23/06,75,38,57,-4,0,8
5/24/06,80,49,65,3,0.38,0
5/25/06,75,64,70,8,0.03,0
5/26/06,83,60,72,10,0,0
5/27/06,87,59,73,11,0,0
5/28/06,92,74,83,20,0,0
5/29/06,91,68,80,16,0.14,0
5/30/06,89,67,78,14,1.24,0
5/31/06,76,65,71,7,0,0
6/1/06,79,60,70,6,0,0
6/2/06,80,56,68,4,  T,0
6/3/06,74,54,64,0,0,1
6/4/06,77,52,65,1,0,0
6/5/06,81,48,65,0,0,0
6/6/06,82,53,68,2,  T,0
6/7/06,83,60,72,6,0,0
6/8/06,85,60,73,7,0,0
6/9/06,68,54,61,-5,0.08,4
6/10/06,63,50,57,-10,1.58,8
6/11/06,64,52,58,-9,  T,7
6/12/06,69,50,60,-8,0,5
6/13/06,76,49,63,-5,0,2
6/14/06,79,52,66,-2,0.04,0
6/15/06,86,62,74,6,  T,0
6/16/06,90,72,81,12,0,0
6/17/06,92,72,82,13,  T,0
6/18/06,77,67,72,2,0.03,0
6/19/06,87,63,75,5,0,0
6/20/06,79,63,71,1,  T,0
6/21/06,87,69,78,8,0.08,0
6/22/06,83,64,74,4,0.13,0
6/23/06,73,54,64,-6,0,1
6/24/06,82,51,67,-4,0,0
6/25/06,73,61,67,-4,0.86,0
6/26/06,71,61,66,-5,0.8,0
6/27/06,81,60,71,0,0,0
6/28/06,77,56,67,-4,0.45,0
6/29/06,80,56,68,-3,0,0
6/30/06,85,53,69,-3,0,0
7/1/06,90,65,78,6,0,0
7/2/06,84,69,77,5,0.01,0
7/3/06,83,67,75,3,0.55,0
7/4/06,78,62,70,-2,0,0
7/5/06,77,60,69,-3,0,0
7/6/06,78,55,67,-5,0,0
7/7/06,82,54,68,-4,0,0
7/8/06,84,62,73,0,0.01,0
7/9/06,88,71,80,7,  T,0
7/10/06,73,65,69,-4,0,0
7/11/06,77,67,72,-1,0.28,0
7/12/06,81,68,75,2,0,0
7/13/06,87,66,77,4,0,0
7/14/06,89,72,81,8,0.11,0
7/15/06,97,74,86,12,0,0
7/16/06,94,74,84,10,0,0
7/17/06,95,72,84,10,0.45,0
7/18/06,83,66,75,1,0,0
7/19/06,88,65,77,3,0.01,0
7/20/06,80,70,75,1,2.05,0
7/21/06,77,64,71,-3,0.04,0
7/22/06,83,62,73,-1,0.02,0
7/23/06,82,60,71,-3,0,0
7/24/06,88,66,77,3,0.01,0
7/25/06,90,73,82,8,0,0
7/26/06,86,72,79,5,0.06,0
7/27/06,88,69,79,5,  T,0
7/28/06,93,68,81,7,0,0
7/29/06,94,74,84,10,0,0
7/30/06,90,77,84,10,0.1,0
7/31/06,99,76,88,14,0,0
8/1/06,99,80,90,17,0,0
8/2/06,97,77,87,14,0.26,0
8/3/06,83,67,75,2,0.45,0
8/4/06,89,65,77,4,0,0
8/5/06,86,63,75,2,0,0
8/6/06,84,69,77,4,0.01,0
8/7/06,86,71,79,6,0,0
8/8/06,78,69,74,1,0,0
8/9/06,86,68,77,4,0,0
8/10/06,79,74,77,4,  T,0
8/11/06,77,68,73,0,0,0
8/12/06,80,59,70,-3,0,0
8/13/06,84,58,71,-2,  T,0
8/14/06,85,64,75,3,  T,0
8/15/06,86,61,74,2,0,0
8/16/06,85,59,72,0,0,0
8/17/06,86,59,73,1,  T,0
8/18/06,84,72,78,6,0.85,0
8/19/06,81,66,74,3,0.01,0
8/20/06,78,59,69,-2,0,0
8/21/06,84,55,70,-1,0,0
8/22/06,87,64,76,5,0,0
8/23/06,89,61,75,4,0,0
8/24/06,84,67,76,5,0.62,0
8/25/06,84,66,75,5,0,0
8/26/06,79,69,74,4,  T,0
8/27/06,79,71,75,5,  T,0
8/28/06,73,64,69,-1,0.6,0
8/29/06,71,63,67,-3,0.15,0
8/30/06,76,64,70,0,  T,0
8/31/06,75,62,69,0,0,0
9/1/06,75,65,70,2,0,0
9/2/06,77,57,67,-1,0,0
9/3/06,78,53,66,-2,0.2,0
9/4/06,71,60,66,-2,0.38,0
9/5/06,78,59,69,2,0,0
9/6/06,82,57,70,3,0,0
9/7/06,82,57,70,3,0,0
9/8/06,83,60,72,6,0,0
9/9/06,70,63,67,1,0,0
9/10/06,64,60,62,-4,0.37,3
9/11/06,67,59,63,-2,1.6,2
9/12/06,72,63,68,3,0.18,0
9/13/06,65,60,63,-2,0.2,2
9/14/06,73,57,65,1,0,0
9/15/06,78,53,66,2,0,0
9/16/06,79,58,69,5,0,0
9/17/06,82,59,71,7,0.3,0
9/18/06,71,51,61,-3,  T,4
9/19/06,55,47,51,-12,0.02,14
9/20/06,62,42,52,-10,0,13
9/21/06,68,40,54,-8,  T,11
9/22/06,71,57,64,2,1.73,1
9/23/06,69,56,63,2,0.68,2
9/24/06,66,49,58,-3,  T,7
9/25/06,72,47,60,-1,0,5
9/26/06,71,47,59,-1,0,6
9/27/06,67,50,59,-1,  T,6
9/28/06,59,40,50,-9,0,15
9/29/06,59,37,48,-11,0.01,17
9/30/06,68,48,58,-1,0.18,7
10/1/06,74,44,59,1,0.01,6
10/2/06,77,61,69,11,1.39,0
10/3/06,82,55,69,12,0,0
10/4/06,76,55,66,9,0.01,0
10/5/06,60,46,53,-4,0,12
10/6/06,58,42,50,-6,0,15
10/7/06,67,40,54,-2,0,11
10/8/06,72,43,58,2,0,7
10/9/06,66,47,57,2,0,8
10/10/06,58,52,55,0,0.07,10
10/11/06,54,35,45,-9,0.45,20
10/12/06,39,30,35,-19,0.03,30
10/13/06,50,32,41,-12,0,24
10/14/06,50,32,41,-12,0,24
10/15/06,52,31,42,-11,0.01,23
10/16/06,56,48,52,0,0.5,13
10/17/06,58,50,54,2,0.38,11
10/18/06,63,42,53,2,0.3,12
10/19/06,44,39,42,-9,0,23
10/20/06,53,32,43,-7,  T,22
10/21/06,58,47,53,3,0.28,12
10/22/06,49,34,42,-8,0.08,23
10/23/06,41,33,37,-12,0.01,28
10/24/06,47,30,39,-10,0,26
10/25/06,51,27,39,-9,0,26
10/26/06,46,43,45,-3,0.52,20
10/27/06,45,38,42,-6,  T,23
10/28/06,52,37,45,-2,0,20
10/29/06,54,33,44,-3,0,21
10/30/06,70,38,54,8,  T,11
10/31/06,62,35,49,3,0,16
11/1/06,42,27,35,-10,0,30
11/2/06,34,24,29,-16,0,36
11/3/06,40,21,31,-14,0,34
11/4/06,47,29,38,-6,  T,27
11/5/06,55,32,44,0,0,21
11/6/06,56,44,50,7,0.02,15
11/7/06,54,46,50,7,  T,15
11/8/06,64,46,55,13,0,10
11/9/06,68,47,58,16,0,7
11/10/06,48,37,43,1,1.34,22
11/11/06,41,34,38,-3,0.04,27
11/12/06,46,34,40,-1,0,25
11/13/06,42,34,38,-2,  T,27
11/14/06,44,36,40,0,0.02,25
11/15/06,47,43,45,5,  T,20
11/16/06,43,37,40,1,0,25
11/17/06,40,34,37,-2,0,28
11/18/06,44,30,37,-1,0,28
11/19/06,44,29,37,-1,0.01,28
11/20/06,44,29,37,0,0,28
11/21/06,49,29,39,2,0,26
11/22/06,54,30,42,5,0,23
11/23/06,58,30,44,8,0,21
11/24/06,60,31,46,10,0,19
11/25/06,58,36,47,12,0,18
11/26/06,62,45,54,19,0,11
11/27/06,62,52,57,23,  T,8
11/28/06,61,54,58,24,0.03,7
11/29/06,60,38,49,15,1.73,16
11/30/06,39,26,33,0,0.46,32
12/1/06,33,18,26,-7,1.23,39
12/2/06,30,12,21,-11,0,44
12/3/06,15,8,12,-20,  T,53
12/4/06,26,6,16,-15,0,49
12/5/06,34,7,21,-10,  T,44
12/6/06,35,17,26,-5,  T,39
12/7/06,17,9,13,-17,0,52
12/8/06,21,4,13,-17,0,52
12/9/06,35,20,28,-2,0,37
12/10/06,41,32,37,8,0,28
12/11/06,45,37,41,12,0.05,24
12/12/06,50,38,44,16,0.1,21
12/13/06,45,33,39,11,  T,26
12/14/06,50,35,43,15,0.01,22
12/15/06,44,30,37,10,0,28
12/16/06,55,32,44,17,  T,21
12/17/06,54,41,48,21,  T,17
12/18/06,41,29,35,9,0,30
12/19/06,43,24,34,8,0,31
12/20/06,40,24,32,6,0.21,33
12/21/06,50,38,44,18,0.47,21
12/22/06,54,40,47,22,0.9,18
12/23/06,40,33,37,12,0,28
12/24/06,44,29,37,12,0,28
12/25/06,37,30,34,9,  T,31
12/26/06,34,28,31,7,  T,34
12/27/06,38,28,33,9,0,32
12/28/06,48,36,42,18,0,23
12/29/06,50,40,45,21,0,20
12/30/06,50,40,45,22,0,20
12/31/06,56,43,50,27,0.21,15
,43,29,36,13,0,29
,43,26,35,12,0,30
,48,33,41,18,0,24
,52,39,46,24,0.66,19
,50,42,46,24,0.03,19
,42,29,36,14,0.02,29
,41,27,34,12,0.05,31
,39,26,33,11,  T,32
,33,22,28,6,0,37
,35,18,27,5,0,38
,45,35,40,18,0.02,25
,48,33,41,19,0.19,24
,33,29,31,10,  T,34
,33,30,32,11,0.43,33
,33,21,27,6,0.21,38
,23,11,17,-4,  T,48
,22,9,16,-5,  T,49
,30,22,26,5,  T,39
,27,18,23,1,  T,42
,27,10,19,-3,0,46
,29,26,28,6,0.08,37
,31,25,28,6,  T,37
,26,22,24,2,0,41
,28,22,25,3,  T,40
,24,15,20,-2,  T,45
,43,20,32,10,0,33
,34,15,25,3,  T,40
,24,7,16,-6,0.02,49
,25,9,17,-6,0.01,48
,18,7,13,-10,  T,52
,20,3,12,-11,  T,53
2/1/07,24,11,18,-5,  T,47
2/2/07,12,6,9,-14,  T,56
2/3/07,11,-6,3,-21,  T,62
2/4/07,2,-6,-2,-26,0,67
2/5/07,5,-10,-2,-26,0,67
2/6/07,10,-5,3,-21,0.11,62
2/7/07,11,-2,5,-20,0,60
2/8/07,11,-4,4,-21,0,61
2/9/07,17,2,10,-15,0,55
2/10/07,13,-1,6,-20,0,59
2/11/07,27,5,16,-10,  T,49
2/12/07,31,25,28,2,0.09,37
2/13/07,27,15,21,-5,0.39,44
2/14/07,21,7,14,-13,0.03,51
2/15/07,14,2,8,-19,0,57
2/16/07,19,-4,8,-19,  T,57
2/17/07,26,16,21,-7,0.08,44
2/18/07,22,11,17,-11,0,48
2/19/07,42,13,28,0,0,37
2/20/07,45,30,38,9,0,27
2/21/07,48,23,36,7,0,29
2/22/07,40,27,34,5,0,31
2/23/07,33,23,28,-2,  T,37
2/24/07,32,26,29,-1,0.43,36
2/25/07,38,31,35,5,0.44,30
2/26/07,34,30,32,1,0.03,33
2/27/07,33,29,31,0,0,34
2/28/07,35,28,32,1,0.01,33
3/1/07,45,32,39,7,1.09,26
3/2/07,32,25,29,-3,0.06,36
3/3/07,27,20,24,-9,0.02,41
3/4/07,31,14,23,-10,0,42
3/5/07,33,19,26,-7,0,39
3/6/07,24,16,20,-14,0.05,45
3/7/07,28,21,25,-9,0.03,40
3/8/07,40,13,27,-7,0,38
3/9/07,56,28,42,7,0.28,23
3/10/07,51,30,41,6,0,24
3/11/07,54,28,41,5,0,24
3/12/07,63,36,50,14,  T,15
3/13/07,73,48,61,25,0,4
3/14/07,61,35,48,11,0.16,17
3/15/07,38,28,33,-4,  T,32
3/16/07,39,25,32,-5,0,33
3/17/07,39,24,32,-6,0,33
3/18/07,47,21,34,-4,0,31
3/19/07,61,36,49,11,0.06,16
3/20/07,43,30,37,-2,0,28
3/21/07,67,37,52,13,1.07,13
3/22/07,64,44,54,15,0.09,11
3/23/07,52,44,48,8,0.04,17
3/24/07,64,52,58,18,  T,7
3/25/07,79,48,64,23,0,1
3/26/07,79,63,71,30,0,0
3/27/07,73,45,59,18,0,6
3/28/07,50,44,47,5,0.2,18
3/29/07,60,46,53,11,0,12
3/30/07,55,46,51,9,  T,14
3/31/07,63,45,54,11,0.51,11
4/1/07,61,46,54,11,0.09,11
4/2/07,61,41,51,8,0,14
4/3/07,70,35,53,10,0.15,12
4/4/07,35,28,32,-11,  T,33
4/5/07,40,27,34,-10,0,31
4/6/07,36,23,30,-14,0,35
4/7/07,32,22,27,-18,0,38
4/8/07,40,28,34,-11,  T,31
4/9/07,43,29,36,-9,  T,29
4/10/07,52,26,39,-7,0,26
4/11/07,43,33,38,-8,1.15,27
4/12/07,38,33,36,-10,0.09,29
4/13/07,51,32,42,-5,0,23
4/14/07,49,35,42,-5,0,23
4/15/07,58,29,44,-3,0,21
4/16/07,62,32,47,-1,0,18
4/17/07,70,36,53,5,  T,12
4/18/07,50,39,45,-4,  T,20
4/19/07,58,41,50,1,  T,15
4/20/07,68,38,53,4,0,12
4/21/07,77,43,60,10,0,5
4/22/07,83,52,68,17,  T,0
4/23/07,70,51,61,10,0,4
4/24/07,68,44,56,5,0.3,9
4/25/07,49,45,47,-5,1.06,18
4/26/07,56,45,51,-1,0.49,14
4/27/07,53,43,48,-4,  T,17
4/28/07,73,39,56,3,0,9
4/29/07,82,45,64,11,0.15,1
4/30/07,67,51,59,6,0.01,6
5/1/07,83,50,67,14,0,0
5/2/07,59,42,51,-3,0,14
5/3/07,66,46,56,2,0,9
5/4/07,66,49,58,4,  T,7
5/5/07,66,53,60,5,  T,5
5/6/07,68,49,59,4,0,6
5/7/07,83,47,65,10,  T,0
5/8/07,82,54,68,12,0,0
5/9/07,77,61,69,13,0.13,0
5/10/07,84,56,70,14,0,0
5/11/07,70,51,61,4,0,4
5/12/07,64,46,55,-2,0,10
5/13/07,69,43,56,-2,0,9
5/14/07,90,56,73,15,0,0
5/15/07,80,57,69,11,0.38,0
5/16/07,66,44,55,-4,0.14,10
5/17/07,62,43,53,-6,0,12
5/18/07,71,42,57,-3,0,8
5/19/07,80,56,68,8,0,0
5/20/07,69,43,56,-5,0.07,9
5/21/07,80,44,62,1,0,3
5/22/07,87,55,71,10,0,0
5/23/07,89,60,75,14,0,0
5/24/07,88,63,76,14,0.02,0
5/25/07,70,56,63,1,  T,2
5/26/07,65,49,57,-5,1.01,8
5/27/07,75,57,66,4,0.04,0
5/28/07,79,50,65,2,  T,0
5/29/07,88,60,74,10,0,0
5/30/07,87,66,77,13,0,0
5/31/07,78,65,72,8,0.01,0
6/1/07,85,62,74,10,0.19,0
6/2/07,81,65,73,9,0.04,0
6/3/07,78,62,70,6,0.01,0
6/4/07,71,58,65,1,0.39,0
6/5/07,64,47,56,-9,0.42,9
6/6/07,71,44,58,-8,0.01,7
6/7/07,91,71,81,15,0,0
6/8/07,81,57,69,3,0,0
6/9/07,79,52,66,0,0,0
6/10/07,81,55,68,1,0,0
6/11/07,86,58,72,5,0,0
6/12/07,83,62,73,5,0,0
6/13/07,87,60,74,6,0,0
6/14/07,89,64,77,9,0,0
6/15/07,91,63,77,9,0,0
6/16/07,93,66,80,11,  T,0
6/17/07,91,70,81,12,0,0
6/18/07,89,69,79,9,0.28,0
6/19/07,80,65,73,3,0.58,0
6/20/07,84,61,73,3,0,0
6/21/07,77,61,69,-1,0.01,0
6/22/07,76,61,69,-1,  T,0
6/23/07,67,62,65,-5,0.05,0
6/24/07,77,63,70,-1,0,0
6/25/07,89,65,77,6,0,0
6/26/07,92,70,81,10,0.16,0
6/27/07,91,71,81,10,0.15,0
6/28/07,74,58,66,-5,0,0
6/29/07,70,56,63,-8,0,2
6/30/07,79,54,67,-5,0,0
7/1/07,75,54,65,-7,0,0
7/2/07,79,53,66,-6,0,0
7/3/07,83,60,72,0,0.4,0
7/4/07,86,67,77,5,0.16,0
7/5/07,89,71,80,8,0,0
7/6/07,86,66,76,4,0,0
7/7/07,90,64,77,5,0,0
7/8/07,94,75,85,12,0,0
7/9/07,94,70,82,9,0.3,0
7/10/07,89,69,79,6,0.43,0
7/11/07,77,62,70,-3,0,0
7/12/07,80,61,71,-2,0,0
7/13/07,78,58,68,-5,0,0
7/14/07,84,61,73,0,0,0
7/15/07,82,60,71,-3,0,0
7/16/07,82,65,74,0,0.39,0
7/17/07,83,68,76,2,0.11,0
7/18/07,85,69,77,3,1.55,0
7/19/07,83,63,73,-1,0.16,0
7/20/07,75,58,67,-7,0,0
7/21/07,74,58,66,-8,0,0
7/22/07,81,58,70,-4,0,0
7/23/07,83,60,72,-2,0,0
7/24/07,82,65,74,0,0,0
7/25/07,85,71,78,4,  T,0
7/26/07,83,66,75,1,0.19,0
7/27/07,83,70,77,3,0.17,0
7/28/07,80,66,73,-1,0,0
7/29/07,85,63,74,0,0,0
7/30/07,89,62,76,2,0,0
7/31/07,91,68,80,6,0,0
8/1/07,92,69,81,8,0,0
8/2/07,91,70,81,8,0,0
8/3/07,90,69,80,7,0,0
8/4/07,81,64,73,0,0.03,0
8/5/07,88,67,78,5,1.43,0
8/6/07,88,74,81,8,0.26,0
8/7/07,91,72,82,9,1.31,0
8/8/07,87,73,80,7,0.06,0
8/9/07,84,72,78,5,0.05,0
8/10/07,86,70,78,5,0,0
8/11/07,89,67,78,5,0,0
8/12/07,88,67,78,5,0.29,0
8/13/07,81,65,73,0,0,0
8/14/07,84,65,75,3,0.41,0
8/15/07,80,71,76,4,0.23,0
8/16/07,77,65,71,-1,0,0
8/17/07,79,60,70,-2,0,0
8/18/07,68,59,64,-8,0.09,1
8/19/07,68,62,65,-6,1.33,0
8/20/07,78,68,73,2,0.91,0
8/21/07,87,69,78,7,  T,0
8/22/07,90,69,80,9,0.37,0
8/23/07,87,69,78,7,2.35,0
8/24/07,80,69,75,4,0.24,0
8/25/07,79,64,72,2,0.34,0
8/26/07,79,60,70,0,0,0
8/27/07,79,60,70,0,0,0
8/28/07,91,67,79,9,0,0
8/29/07,85,68,77,7,  T,0
8/30/07,75,57,66,-4,0,0
8/31/07,77,57,67,-2,0,0
9/1/07,81,57,69,1,0,0
9/2/07,85,61,73,5,0,0
9/3/07,88,66,77,9,0,0
9/4/07,89,63,76,8,0,0
9/5/07,90,66,78,11,  T,0
9/6/07,82,73,78,11,0.18,0
9/7/07,84,70,77,10,0.19,0
9/8/07,78,64,71,5,0,0
9/9/07,80,63,72,6,0,0
9/10/07,74,54,64,-2,0.36,1
9/11/07,71,50,61,-4,  T,4
9/12/07,67,46,57,-8,0,8
9/13/07,78,50,64,-1,0,1
9/14/07,66,45,56,-8,0,9
9/15/07,61,39,50,-14,0,15
9/16/07,71,44,58,-6,0,7
9/17/07,80,52,66,2,0,0
9/18/07,88,63,76,12,0,0
9/19/07,84,65,75,12,0,0
9/20/07,78,60,69,7,0,0
9/21/07,88,64,76,14,0,0
9/22/07,74,51,63,1,0,2
9/23/07,84,50,67,6,0,0
9/24/07,90,68,79,18,0,0
9/25/07,85,63,74,13,0.27,0
9/26/07,69,53,61,1,0.09,4
9/27/07,75,49,62,2,  T,3
9/28/07,73,53,63,4,0,2
9/29/07,80,50,65,6,0,0
9/30/07,83,59,71,12,0.14,0
10/1/07,69,59,64,6,0.29,1
10/2/07,78,57,68,10,0.09,0
10/3/07,74,55,65,8,0,0
10/4/07,82,51,67,10,0,0
10/5/07,84,62,73,16,0,0
10/6/07,87,69,78,22,0,0
10/7/07,87,67,77,21,0,0
10/8/07,87,60,74,18,0,0
10/9/07,76,49,63,8,0,2
10/10/07,54,47,51,-4,  T,14
10/11/07,54,46,50,-4,0,15
10/12/07,56,41,49,-5,0,16
10/13/07,59,40,50,-3,0,15
10/14/07,61,53,57,4,0.15,8
10/15/07,74,51,63,10,0.07,2
10/16/07,67,52,60,8,0.24,5
10/17/07,72,47,60,8,0.04,5
10/18/07,78,59,69,18,0.3,0
10/19/07,60,52,56,5,0.01,9
10/20/07,73,47,60,10,0,5
10/21/07,80,60,70,20,0,0
10/22/07,67,46,57,7,0.16,8
10/23/07,58,43,51,2,0,14
10/24/07,55,43,49,0,0,16
10/25/07,55,45,50,2,  T,15
10/26/07,65,53,59,11,0.33,6
10/27/07,55,37,46,-2,0.01,19
10/28/07,56,34,45,-2,0,20
10/29/07,61,39,50,3,0,15
10/30/07,66,41,54,8,0,11
10/31/07,62,41,52,6,0,13
11/1/07,54,35,45,0,0,20
11/2/07,57,31,44,-1,0,21
11/3/07,55,36,46,1,0,19
11/4/07,53,37,45,1,0.01,20
11/5/07,54,37,46,2,  T,19
11/6/07,45,33,39,-4,0,26
11/7/07,43,31,37,-6,  T,28
11/8/07,51,36,44,2,  T,21
11/9/07,48,32,40,-2,0,25
11/10/07,50,28,39,-3,0,26
11/11/07,57,42,50,9,0.06,15
11/12/07,66,44,55,14,0,10
11/13/07,60,33,47,7,  T,18
11/14/07,56,39,48,8,  T,17
11/15/07,40,28,34,-6,  T,31
11/16/07,41,24,33,-6,0,32
11/17/07,46,34,40,1,0.04,25
11/18/07,43,37,40,2,0.01,25
11/19/07,59,38,49,11,  T,16
11/20/07,55,45,50,13,0.3,15
11/21/07,45,33,39,2,0.83,26
11/22/07,33,25,29,-8,0.01,36
11/23/07,32,22,27,-9,0,38
11/24/07,38,27,33,-3,0,32
11/25/07,38,28,33,-2,  T,32
11/26/07,39,31,35,0,  T,30
11/27/07,35,24,30,-4,0,35
11/28/07,48,23,36,2,  T,29
11/29/07,34,18,26,-8,0,39
11/30/07,36,20,28,-5,0,37
12/1/07,34,19,27,-6,0.63,38
12/2/07,45,27,36,4,0.23,29
12/3/07,29,19,24,-8,0,41
12/4/07,33,22,28,-3,0.23,37
12/5/07,30,9,20,-11,0.18,45
12/6/07,24,0,12,-19,0.04,53
12/7/07,30,24,27,-3,  T,38
12/8/07,24,13,19,-11,0.04,46
12/9/07,29,22,26,-4,0.02,39
12/10/07,32,25,29,0,  T,36
12/11/07,33,27,30,1,0.67,35
12/12/07,36,23,30,2,  T,35
12/13/07,34,28,31,3,  T,34
12/14/07,28,18,23,-5,0,42
12/15/07,31,25,28,1,0.17,37
12/16/07,29,17,23,-4,0.17,42
12/17/07,23,15,19,-8,  T,46
12/18/07,37,21,29,3,0,36
12/19/07,34,22,28,2,0,37
12/20/07,38,23,31,5,0.06,34
12/21/07,38,33,36,10,0.06,29
12/22/07,50,36,43,18,0.11,22
12/23/07,52,14,33,8,0.24,32
12/24/07,26,20,23,-2,  T,42
12/25/07,42,21,32,7,0,33
12/26/07,45,24,35,11,  T,30
12/27/07,38,30,34,10,0.07,31
12/28/07,34,30,32,8,0.28,33
12/29/07,30,20,25,1,0,40
12/30/07,35,18,27,4,0.03,38
12/31/07,33,25,29,6,0.26,36
1/1/08,27,4,16,-7,0.05,49
1/2/08,20,2,11,-12,  T,54
1/3/08,23,0,12,-11,0,53
1/4/08,36,22,29,7,0,36
1/5/08,43,35,39,17,  T,26
1/6/08,60,41,51,29,0.01,14
1/7/08,65,51,58,36,0.03,7
1/8/08,56,37,47,25,0.66,18
1/9/08,39,30,35,13,0,30
1/10/08,44,32,38,16,0.3,27
1/11/08,36,28,32,10,0.01,33
1/12/08,41,25,33,11,0,32
1/13/08,37,27,32,11,  T,33
1/14/08,27,15,21,0,0.02,44
1/15/08,26,13,20,-1,  T,45
1/16/08,40,20,30,9,0,35
1/17/08,33,12,23,2,0.08,42
1/18/08,27,6,17,-4,  T,48
1/19/08,6,-3,2,-20,  T,63
1/20/08,10,-5,3,-19,0,62
1/21/08,27,8,18,-4,0.1,47
1/22/08,29,10,20,-2,0.08,45
1/23/08,14,5,10,-12,0.04,55
1/24/08,10,-4,3,-19,0,62
1/25/08,20,-5,8,-14,0.03,57
1/26/08,32,19,26,4,0.05,39
1/27/08,35,6,21,-1,0,44
1/28/08,44,20,32,10,0.02,33
1/29/08,48,2,25,2,0.2,40
1/30/08,12,-2,5,-18,0,60
1/31/08,26,10,18,-5,0.25,47
2/1/08,30,24,27,4,0.14,38
2/2/08,30,25,28,5,  T,37
2/3/08,32,25,29,5,0.16,36
2/4/08,44,32,38,14,0.33,27
2/5/08,40,32,36,12,0.18,29
2/6/08,34,26,30,6,0.54,35
2/7/08,27,24,26,1,  T,39
2/8/08,38,23,31,6,0.07,34
2/9/08,36,16,26,1,  T,39
2/10/08,16,-4,6,-20,0,59
2/11/08,15,-3,6,-20,  T,59
2/12/08,22,13,18,-8,0.13,47
2/13/08,21,7,14,-12,  T,51
2/14/08,34,13,24,-3,  T,41
2/15/08,24,9,17,-10,0,48
2/16/08,33,5,19,-8,0.01,46
2/17/08,47,30,39,11,1.1,26
2/18/08,32,7,20,-8,  T,45
2/19/08,14,4,9,-19,  T,56
2/20/08,19,5,12,-17,0.02,53
2/21/08,23,8,16,-13,  T,49
2/22/08,27,21,24,-5,  T,41
2/23/08,33,19,26,-4,0,39
2/24/08,36,17,27,-3,0,38
2/25/08,34,31,33,3,0.46,32
2/26/08,32,20,26,-5,0.25,39
2/27/08,23,15,19,-12,0,46
2/28/08,26,8,17,-14,0.02,48
2/29/08,38,23,31,0,0.12,34
,33,21,27,-5,0,38
,57,32,45,13,0.07,20
,56,24,40,7,0.61,25
,31,21,26,-7,0,39
,36,21,29,-4,  T,36
,32,21,27,-7,  T,38
,26,14,20,-14,  T,45
,25,14,20,-14,0.01,45
,35,20,28,-7,  T,37
,35,25,30,-5,  T,35
,48,23,36,0,0,29
,44,28,36,0,0,29
,57,35,46,10,0,19
,57,30,44,7,0,21
,39,27,33,-4,0,32
,37,26,32,-5,0,33
,39,30,35,-3,0.02,30
,42,36,39,1,0.06,26
,48,33,41,3,0,24
,49,28,39,0,0,26
,34,29,32,-7,0.58,33
,37,27,32,-7,0.08,33
,42,26,34,-6,0,31
,39,27,33,-7,0,32
,58,35,47,6,0,18
,51,31,41,0,0,24
,45,32,39,-2,0.47,26
,40,27,34,-8,  T,31
,44,26,35,-7,0,30
,42,36,39,-3,0.03,26
,60,39,50,7,0.7,15
4/1/08,58,32,45,2,  T,20
4/2/08,50,28,39,-4,0,26
4/3/08,53,35,44,1,0.19,21
4/4/08,54,38,46,3,0.01,19
4/5/08,63,37,50,6,0,15
4/6/08,64,37,51,7,0,14
4/7/08,53,42,48,3,0.01,17
4/8/08,45,40,43,-2,0.61,22
4/9/08,52,37,45,0,0,20
4/10/08,53,37,45,-1,0.84,20
4/11/08,64,40,52,6,0.03,13
4/12/08,42,33,38,-8,0.22,27
4/13/08,42,32,37,-10,0.04,28
4/14/08,50,33,42,-5,0,23
4/15/08,59,31,45,-2,0,20
4/16/08,73,45,59,11,0,6
4/17/08,69,45,57,9,0,8
4/18/08,75,45,60,11,  T,5
4/19/08,65,47,56,7,0.06,9
4/20/08,72,44,58,9,0,7
4/21/08,75,42,59,9,0,6
4/22/08,74,49,62,11,0,3
4/23/08,74,53,64,13,0,1
4/24/08,74,54,64,13,0.07,1
4/25/08,82,44,63,11,0.23,2
4/26/08,57,38,48,-4,0,17
4/27/08,54,38,46,-6,0,19
4/28/08,46,35,41,-12,0.41,24
4/29/08,44,31,38,-15,0,27
4/30/08,57,31,44,-9,0,21
5/1/08,74,48,61,8,0,4
5/2/08,74,51,63,9,1.28,2
5/3/08,56,43,50,-4,  T,15
5/4/08,65,38,52,-2,0,13
5/5/08,75,50,63,8,0,2
5/6/08,81,46,64,9,0,1
5/7/08,70,49,60,5,0.76,5
5/8/08,59,45,52,-4,0,13
5/9/08,58,41,50,-6,0,15
5/10/08,61,38,50,-6,0,15
5/11/08,58,46,52,-5,0.95,13
5/12/08,56,40,48,-9,0,17
5/13/08,73,40,57,-1,0.08,8
5/14/08,64,45,55,-3,0.02,10
5/15/08,57,43,50,-8,0,15
5/16/08,73,40,57,-2,0,8
5/17/08,73,52,63,4,0.12,2
5/18/08,55,44,50,-10,0,15
5/19/08,60,40,50,-10,  T,15
5/20/08,66,47,57,-4,0,8
5/21/08,66,41,54,-7,0,11
5/22/08,59,45,52,-9,0,13
5/23/08,57,46,52,-9,0,13
5/24/08,67,40,54,-8,0,11
5/25/08,78,44,61,-1,  T,4
5/26/08,81,47,64,2,0.48,1
5/27/08,50,42,46,-16,0,19
5/28/08,62,43,53,-10,0,12
5/29/08,67,42,55,-9,0.01,10
5/30/08,77,55,66,2,0.4,0
5/31/08,79,59,69,5,0,0
6/1/08,74,53,64,0,0,1
6/2/08,86,56,71,7,  T,0
6/3/08,69,55,62,-2,0.52,3
6/4/08,78,54,66,2,  T,0
6/5/08,87,60,74,9,0.64,0
6/6/08,87,73,80,14,  T,0
6/7/08,85,69,77,11,0.11,0
6/8/08,85,64,75,9,1.24,0
6/9/08,74,65,70,4,0.14,0
6/10/08,79,59,69,2,  T,0
6/11/08,86,61,74,7,0,0
6/12/08,91,73,82,14,0,0
6/13/08,82,65,74,6,0.39,0
6/14/08,84,59,72,4,0,0
6/15/08,81,61,71,3,0.18,0
6/16/08,72,59,66,-3,0,0
6/17/08,76,55,66,-3,0,0
6/18/08,77,56,67,-3,0,0
6/19/08,81,52,67,-3,0,0
6/20/08,82,58,70,0,0.09,0
6/21/08,82,61,72,2,0.01,0
6/22/08,82,57,70,0,0.16,0
6/23/08,77,56,67,-3,0,0
6/24/08,82,55,69,-2,0,0
6/25/08,79,66,73,2,0.08,0
6/26/08,86,70,78,7,0,0
6/27/08,84,66,75,4,  T,0
6/28/08,83,64,74,3,0.04,0
6/29/08,75,60,68,-3,0.58,0
6/30/08,80,59,70,-2,0,0
7/1/08,83,58,71,-1,0,0
7/2/08,87,63,75,3,0.2,0
7/3/08,71,55,63,-9,  T,2
7/4/08,76,52,64,-8,0,1
7/5/08,80,54,67,-5,0,0
7/6/08,87,59,73,1,0,0
7/7/08,87,71,79,7,0.03,0
7/8/08,85,70,78,5,0.03,0
7/9/08,85,67,76,3,  T,0
7/10/08,82,64,73,0,0.72,0
7/11/08,88,64,76,3,0.34,0
7/12/08,81,65,73,0,0.73,0
7/13/08,79,62,71,-2,0,0
7/14/08,84,62,73,0,0,0
7/15/08,90,61,76,2,0,0
7/16/08,90,71,81,7,0,0
7/17/08,89,71,80,6,0,0
7/18/08,86,74,80,6,0.04,0
7/19/08,78,67,73,-1,1.61,0
7/20/08,86,68,77,3,0.74,0
7/21/08,83,68,76,2,0.13,0
7/22/08,77,63,70,-4,  T,0
7/23/08,81,60,71,-3,0,0
7/24/08,82,59,71,-3,0,0
7/25/08,82,61,72,-2,0,0
7/26/08,84,65,75,1,0,0
7/27/08,83,62,73,-1,0,0
7/28/08,85,66,76,2,0,0
7/29/08,88,65,77,3,0.05,0
7/30/08,89,72,81,7,0,0
7/31/08,89,72,81,7,0.14,0
8/1/08,89,68,79,6,1.05,0
8/2/08,81,65,73,0,0,0
8/3/08,84,61,73,0,0,0
8/4/08,87,70,79,6,2.43,0
8/5/08,87,69,78,5,0,0
8/6/08,84,67,76,3,0,0
8/7/08,82,64,73,0,0,0
8/8/08,79,63,71,-2,0,0
8/9/08,80,62,71,-2,  T,0
8/10/08,74,58,66,-7,0,0
8/11/08,77,59,68,-5,0,0
8/12/08,77,61,69,-4,0,0
8/13/08,79,66,73,0,0.06,0
8/14/08,79,63,71,-1,0,0
8/15/08,78,61,70,-2,0,0
8/16/08,83,58,71,-1,0,0
8/17/08,84,63,74,2,0,0
8/18/08,85,65,75,3,0,0
8/19/08,82,63,73,2,0,0
8/20/08,81,65,73,2,0,0
8/21/08,82,68,75,4,  T,0
8/22/08,83,72,78,7,0.09,0
8/23/08,87,68,78,7,0,0
8/24/08,77,63,70,-1,0,0
8/25/08,74,64,69,-1,0,0
8/26/08,76,61,69,-1,0,0
8/27/08,83,61,72,2,0,0
8/28/08,80,63,72,2,0.06,0
8/29/08,85,64,75,5,0.04,0
8/30/08,87,56,72,2,0,0
8/31/08,90,60,75,6,0,0
9/1/08,90,62,76,8,0,0
9/2/08,94,65,80,12,0,0
9/3/08,77,66,72,4,0.02,0
9/4/08,67,61,64,-4,2.9,1
9/5/08,70,57,64,-3,0,1
9/6/08,74,53,64,-3,0.01,1
9/7/08,74,55,65,-2,0,0
9/8/08,67,52,60,-6,1.23,5
9/9/08,69,49,59,-7,0,6
9/10/08,72,48,60,-6,0,5
9/11/08,79,55,67,2,  T,0
9/12/08,73,69,71,6,0.37,0
9/13/08,75,68,72,7,6.64,0
9/14/08,72,58,65,1,1.44,0
9/15/08,63,53,58,-6,  T,7
9/16/08,71,49,60,-4,0,5
9/17/08,82,57,70,6,0,0
9/18/08,74,56,65,1,0,0
9/19/08,77,54,66,3,0,0
9/20/08,82,56,69,7,0,0
9/21/08,80,58,69,7,0,0
9/22/08,81,61,71,9,0,0
9/23/08,82,59,71,10,0,0
9/24/08,82,57,70,9,0.2,0
9/25/08,77,63,70,9,0,0
9/26/08,79,59,69,9,0,0
9/27/08,81,53,67,7,0,0
9/28/08,68,57,63,4,0,2
9/29/08,64,54,59,0,0.82,6
9/30/08,59,48,54,-5,0,11
10/1/08,61,46,54,-4,0,11
10/2/08,61,42,52,-6,0,13
10/3/08,60,44,52,-5,0.01,13
10/4/08,61,38,50,-7,0,15
10/5/08,61,41,51,-6,0.06,14
10/6/08,69,54,62,6,0,3
10/7/08,63,56,60,4,0.8,5
10/8/08,64,50,57,1,0.19,8
10/9/08,69,47,58,3,0,7
10/10/08,72,42,57,2,0,8
10/11/08,79,51,65,11,0,0
10/12/08,84,57,71,17,0,0
10/13/08,77,61,69,16,0,0
10/14/08,69,53,61,8,  T,4
10/15/08,63,47,55,2,0.3,10
10/16/08,59,43,51,-1,0,14
10/17/08,57,43,50,-2,0,15
10/18/08,60,43,52,1,0.05,13
10/19/08,62,40,51,0,0,14
10/20/08,55,43,49,-1,0.18,16
10/21/08,55,38,47,-3,0,18
10/22/08,52,35,44,-6,0,21
10/23/08,58,41,50,1,0.16,15
10/24/08,54,44,49,0,0.32,16
10/25/08,53,43,48,0,  T,17
10/26/08,56,37,47,-1,  T,18
10/27/08,47,33,40,-8,  T,25
10/28/08,45,31,38,-9,0,27
10/29/08,51,32,42,-5,0,23
10/30/08,62,31,47,1,0,18
10/31/08,70,48,59,13,0,6
11/1/08,54,48,51,6,0,14
11/2/08,67,48,58,13,0.1,7
11/3/08,73,54,64,19,0,1
11/4/08,71,50,61,17,0,4
11/5/08,71,47,59,15,0,6
11/6/08,65,45,55,12,0.34,10
11/7/08,47,35,41,-2,0.06,24
11/8/08,40,35,38,-4,0.05,27
11/9/08,39,30,35,-7,  T,30
11/10/08,39,26,33,-9,  T,32
11/11/08,38,23,31,-10,0.29,34
11/12/08,48,38,43,2,0.04,22
11/13/08,55,44,50,10,0.06,15
11/14/08,52,42,47,7,0.05,18
11/15/08,42,35,39,-1,  T,26
11/16/08,37,29,33,-6,0.01,32
11/17/08,36,26,31,-8,  T,34
11/18/08,34,21,28,-10,0,37
11/19/08,44,29,37,-1,0,28
11/20/08,36,22,29,-8,  T,36
11/21/08,29,17,23,-14,0,42
11/22/08,35,17,26,-11,0,39
11/23/08,45,20,33,-3,0,32
11/24/08,38,32,35,-1,0.14,30
11/25/08,40,28,34,-1,0,31
11/26/08,42,24,33,-2,0,32
11/27/08,45,22,34,0,0,31
11/28/08,44,26,35,1,0,30
11/29/08,44,20,32,-2,0,33
11/30/08,39,33,36,3,0.67,29
12/1/08,33,21,27,-6,0.42,38
12/2/08,35,21,28,-4,  T,37
12/3/08,38,20,29,-3,0.09,36
12/4/08,22,12,17,-14,  T,48
12/5/08,23,7,15,-16,  T,50
12/6/08,32,13,23,-8,0.02,42
12/7/08,20,4,12,-18,  T,53
12/8/08,38,16,27,-3,0.02,38
12/9/08,38,25,32,2,1.47,33
12/10/08,29,18,24,-5,0,41
12/11/08,32,17,25,-4,0,40
12/12/08,21,11,16,-12,0,49
12/13/08,39,19,29,1,0.19,36
12/14/08,50,31,41,13,0.18,24
12/15/08,31,5,18,-9,0.07,47
12/16/08,22,6,14,-13,0.31,51
12/17/08,20,6,13,-14,  T,52
12/18/08,23,3,13,-13,0.06,52
12/19/08,32,22,27,1,0.59,38
12/20/08,31,17,24,-2,0.05,41
12/21/08,16,-6,5,-21,  T,60
12/22/08,7,-4,2,-23,0,63
12/23/08,34,7,21,-4,0.27,44
12/24/08,34,6,20,-5,0.18,45
12/25/08,24,0,12,-13,0,53
12/26/08,52,24,38,14,0.09,27
12/27/08,61,32,47,23,1.74,18
12/28/08,32,24,28,4,  T,37
12/29/08,43,29,36,12,0,29
12/30/08,40,24,32,9,0.02,33
12/31/08,24,11,18,-5,  T,47
1/1/09,31,17,24,1,0,41
1/2/09,30,18,24,1,0,41
1/3/09,36,17,27,4,0.01,38
1/4/09,37,17,27,5,0.1,38
1/5/09,29,11,20,-2,0,45
1/6/09,30,16,23,1,0.04,42
1/7/09,29,13,21,-1,0.02,44
1/8/09,21,12,17,-5,  T,48
1/9/09,29,12,21,-1,0.27,44
1/10/09,29,20,25,3,0.35,40
1/11/09,20,13,17,-5,  T,48
1/12/09,29,3,16,-6,0.1,49
1/13/09,29,-2,14,-7,  T,51
1/14/09,14,-2,6,-15,0.16,59
1/15/09,-1,-13,-7,-28,0,72
1/16/09,3,-18,-7,-28,0,72
1/17/09,24,3,14,-7,  T,51
1/18/09,17,8,13,-8,  T,52
1/19/09,23,9,16,-6,0,49
1/20/09,24,11,18,-4,  T,47
1/21/09,28,13,21,-1,0,44
1/22/09,33,14,24,2,0,41
1/23/09,34,13,24,2,0,41
1/24/09,13,-1,6,-16,0,59
1/25/09,13,-2,6,-16,0,59
1/26/09,17,-1,8,-14,0,57
1/27/09,20,7,14,-8,0.04,51
1/28/09,18,8,13,-9,0.07,52
1/29/09,30,14,22,-1,  T,43
1/30/09,14,4,9,-14,0,56
1/31/09,38,7,23,0,0,42
2/1/09,36,24,30,7,0,35
2/2/09,26,8,17,-6,0,48
2/3/09,20,1,11,-13,  T,54
2/4/09,17,0,9,-15,0,56
2/5/09,25,-4,11,-13,0,54
2/6/09,42,8,25,1,0,40
2/7/09,56,36,46,21,0,19
2/8/09,43,25,34,9,0,31
2/9/09,53,26,40,15,0.12,25
2/10/09,61,41,51,25,0,14
2/11/09,50,36,43,17,0.83,22
2/12/09,38,30,34,8,0,31
2/13/09,36,25,31,5,0.04,34
2/14/09,34,23,29,2,0.01,36
2/15/09,31,19,25,-2,  T,40
2/16/09,33,17,25,-2,0,40
2/17/09,43,26,35,7,  T,30
2/18/09,38,17,28,0,0.22,37
2/19/09,23,11,17,-11,  T,48
2/20/09,28,12,20,-9,0,45
2/21/09,29,20,25,-4,0.14,40
2/22/09,24,13,19,-10,  T,46
2/23/09,27,9,18,-12,0,47
2/24/09,39,17,28,-2,0,37
2/25/09,54,35,45,15,0.01,20
2/26/09,53,32,43,12,1.95,22
2/27/09,46,21,34,3,0.07,31
2/28/09,27,20,24,-7,  T,41
3/1/09,22,14,18,-14,  T,47
3/2/09,22,14,18,-14,0.01,47
3/3/09,30,16,23,-10,  T,42
3/4/09,44,26,35,2,0,30
3/5/09,65,36,51,18,0,14
3/6/09,65,39,52,18,0,13
3/7/09,45,39,42,8,0.87,23
3/8/09,44,33,39,5,1.67,26
3/9/09,44,33,39,4,0.08,26
3/10/09,61,33,47,12,0.51,18
3/11/09,33,17,25,-11,  T,40
3/12/09,26,14,20,-16,0,45
3/13/09,40,19,30,-6,0,35
3/14/09,52,23,38,1,0,27
3/15/09,58,28,43,6,0,22
3/16/09,65,39,52,15,0,13
3/17/09,74,41,58,20,0,7
3/18/09,57,42,50,12,0,15
3/19/09,46,28,37,-1,0,28
3/20/09,44,23,34,-5,0,31
3/21/09,61,37,49,10,0,16
3/22/09,61,36,49,10,0,16
3/23/09,56,38,47,7,0.04,18
3/24/09,69,48,59,19,0.16,6
3/25/09,48,37,43,2,0,22
3/26/09,57,35,46,5,  T,19
3/27/09,43,32,38,-3,0,27
3/28/09,38,32,35,-7,0.47,30
3/29/09,41,31,36,-6,0.95,29
3/30/09,45,27,36,-6,0,29
3/31/09,53,37,45,2,0.44,20
4/1/09,53,36,45,2,0,20
4/2/09,50,37,44,1,0.14,21
4/3/09,50,37,44,1,0.04,21
4/4/09,50,31,41,-2,0,24
4/5/09,43,33,38,-6,0.51,27
4/6/09,40,32,36,-8,  T,29
4/7/09,49,29,39,-6,0,26
4/8/09,55,30,43,-2,0,22
4/9/09,58,31,45,0,0,20
4/10/09,47,38,43,-3,0,22
4/11/09,47,31,39,-7,0,26
4/12/09,51,27,39,-7,0,26
4/13/09,46,36,41,-6,0.29,24
4/14/09,44,36,40,-7,  T,25
4/15/09,57,36,47,0,0,18
4/16/09,62,33,48,0,0,17
4/17/09,70,32,51,3,0,14
4/18/09,73,40,57,8,  T,8
4/19/09,61,45,53,4,0.9,12
4/20/09,53,38,46,-3,0.17,19
4/21/09,44,37,41,-9,0.09,24
4/22/09,61,37,49,-2,0,16
4/23/09,67,37,52,1,0.32,13
4/24/09,84,49,67,16,  T,0
4/25/09,77,41,59,7,0.84,6
4/26/09,78,43,61,9,0.57,4
4/27/09,72,50,61,9,0.55,4
4/28/09,51,42,47,-6,0.04,18
4/29/09,55,46,51,-2,0.02,14
4/30/09,63,54,59,6,0.71,6
5/1/09,60,46,53,0,0.02,12
5/2/09,66,44,55,1,0,10
5/3/09,70,43,57,3,0,8
5/4/09,70,43,57,3,0,8
5/5/09,71,49,60,5,0,5
5/6/09,75,51,63,8,0.67,2
5/7/09,77,56,67,12,0.19,0
5/8/09,77,53,65,9,0.02,0
5/9/09,63,46,55,-1,  T,10
5/10/09,67,40,54,-2,0,11
5/11/09,61,39,50,-7,0,15
5/12/09,71,39,55,-2,0,10
5/13/09,70,53,62,4,0.55,3
5/14/09,68,53,61,3,0,4
5/15/09,61,52,57,-1,0.39,8
5/16/09,62,45,54,-5,0,11
5/17/09,63,39,51,-8,0,14
5/18/09,66,40,53,-7,  T,12
5/19/09,80,52,66,6,0,0
5/20/09,84,61,73,12,0,0
5/21/09,84,60,72,11,0,0
5/22/09,69,53,61,0,0,4
5/23/09,80,50,65,4,0,0
5/24/09,71,55,63,1,0,2
5/25/09,67,54,61,-1,0.04,4
5/26/09,74,53,64,2,1.73,1
5/27/09,73,55,64,2,0.02,1
5/28/09,62,54,58,-5,0,7
5/29/09,74,50,62,-2,  T,3
5/30/09,79,50,65,1,  T,0
5/31/09,73,45,59,-5,0,6
6/1/09,78,51,65,1,0.44,0
6/2/09,60,48,54,-10,0.12,11
6/3/09,61,43,52,-12,0,13
6/4/09,68,42,55,-9,0,10
6/5/09,79,44,62,-3,0,3
6/6/09,63,51,57,-9,0.02,8
6/7/09,73,52,63,-3,0.04,2
6/8/09,80,52,66,0,0.45,0
6/9/09,67,55,61,-5,  T,4
6/10/09,67,54,61,-6,0.01,4
6/11/09,64,53,59,-8,0.01,6
6/12/09,74,49,62,-6,  T,3
6/13/09,68,54,61,-7,0.33,4
6/14/09,77,51,64,-4,0,1
6/15/09,81,53,67,-1,0,0
6/16/09,71,59,65,-4,1.23,0
6/17/09,71,61,66,-3,0,0
6/18/09,80,61,71,1,0.12,0
6/19/09,86,65,76,6,3.97,0
6/20/09,87,68,78,8,0,0
6/21/09,84,70,77,7,0.01,0
6/22/09,89,68,79,9,0.09,0
6/23/09,94,71,83,13,0,0
6/24/09,94,75,85,14,0.04,0
6/25/09,94,75,85,14,  T,0
6/26/09,86,69,78,7,0,0
6/27/09,89,62,76,5,0.3,0
6/28/09,83,66,75,4,0,0
6/29/09,77,63,70,-1,0,0
6/30/09,66,59,63,-9,0,2
7/1/09,65,57,61,-11,  T,4
7/2/09,73,59,66,-6,0,0
7/3/09,79,63,71,-1,0,0
7/4/09,69,59,64,-8,0.2,1
7/5/09,81,57,69,-3,0.05,0
7/6/09,86,60,73,1,0,0
7/7/09,77,59,68,-4,  T,0
7/8/09,65,61,63,-10,0.06,2
7/9/09,79,59,69,-4,0,0
7/10/09,82,63,73,0,0.08,0
7/11/09,85,63,74,1,0.25,0
7/12/09,82,58,70,-3,0,0
7/13/09,79,61,70,-3,0,0
7/14/09,80,55,68,-5,0,0
7/15/09,85,65,75,1,0.68,0
7/16/09,80,64,72,-2,  T,0
7/17/09,70,57,64,-10,0,1
7/18/09,72,57,65,-9,0,0
7/19/09,71,57,64,-10,0,1
7/20/09,76,55,66,-8,0,0
7/21/09,80,58,69,-5,0.04,0
7/22/09,78,63,71,-3,  T,0
7/23/09,82,62,72,-2,0,0
7/24/09,83,61,72,-2,0.14,0
7/25/09,81,66,74,0,0,0
7/26/09,82,63,73,-1,  T,0
7/27/09,84,64,74,0,0.02,0
7/28/09,84,66,75,1,0.01,0
7/29/09,81,62,72,-2,0,0
7/30/09,79,59,69,-5,  T,0
7/31/09,81,58,70,-4,0,0
8/1/09,75,61,68,-5,  T,0
8/2/09,78,57,68,-5,0,0
8/3/09,84,67,76,3,0.07,0
8/4/09,85,67,76,3,0,0
8/5/09,79,61,70,-3,0,0
8/6/09,82,60,71,-2,0,0
8/7/09,74,64,69,-4,0.33,0
8/8/09,89,68,79,6,0.02,0
8/9/09,91,77,84,11,0.18,0
8/10/09,85,70,78,5,0,0
8/11/09,82,62,72,-1,0,0
8/12/09,83,60,72,-1,0,0
8/13/09,86,60,73,0,0,0
8/14/09,88,63,76,4,0,0
8/15/09,89,67,78,6,0,0
8/16/09,88,70,79,7,0.63,0
8/17/09,83,70,77,5,0.33,0
8/18/09,83,65,74,2,0,0
8/19/09,83,59,71,0,0.35,0
8/20/09,78,64,71,0,0.07,0
8/21/09,73,59,66,-5,0.16,0
8/22/09,68,57,63,-8,0,2
8/23/09,74,56,65,-6,0,0
8/24/09,79,54,67,-4,0,0
8/25/09,83,59,71,1,0,0
8/26/09,73,62,68,-2,0.93,0
8/27/09,67,61,64,-6,0.95,1
8/28/09,68,60,64,-6,0.22,1
8/29/09,69,56,63,-7,0.02,2
8/30/09,66,51,59,-11,0,6
8/31/09,68,49,59,-10,0,6
9/1/09,72,47,60,-8,0,5
9/2/09,73,50,62,-6,0,3
9/3/09,75,56,66,-2,0,0
9/4/09,75,54,65,-3,0,0
9/5/09,78,54,66,-1,0,0
9/6/09,77,61,69,2,0.03,0
9/7/09,77,59,68,1,0,0
9/8/09,78,60,69,3,0,0
9/9/09,78,65,72,6,0,0
9/10/09,81,64,73,7,0,0
9/11/09,80,61,71,6,0,0
9/12/09,79,58,69,4,0,0
9/13/09,80,58,69,4,0,0
9/14/09,84,58,71,7,0,0
9/15/09,82,64,73,9,0,0
9/16/09,71,59,65,1,0,0
9/17/09,72,50,61,-3,0,4
9/18/09,79,50,65,1,0,0
9/19/09,76,55,66,3,0,0
9/20/09,73,54,64,2,0.75,1
9/21/09,67,60,64,2,  T,1
9/22/09,77,59,68,6,0,0
9/23/09,76,62,69,8,0,0
9/24/09,73,64,69,8,0,0
9/25/09,70,60,65,4,0.16,0
9/26/09,69,55,62,2,0,3
9/27/09,74,50,62,2,0.08,3
9/28/09,62,49,56,-3,0.01,9
9/29/09,60,48,54,-5,0,11
9/30/09,62,47,55,-4,0,10
10/1/09,59,41,50,-8,0.89,15
10/2/09,56,47,52,-6,0.21,13
10/3/09,57,47,52,-5,0.11,13
10/4/09,60,45,53,-4,  T,12
10/5/09,62,43,53,-4,0,12
10/6/09,61,49,55,-1,0.03,10
10/7/09,60,45,53,-3,0,12
10/8/09,53,45,49,-7,0.12,16
10/9/09,52,39,46,-9,0.46,19
10/10/09,48,31,40,-15,0,25
10/11/09,44,29,37,-17,0,28
10/12/09,48,41,45,-9,0.02,20
10/13/09,47,34,41,-12,0,24
10/14/09,48,42,45,-8,0.03,20
10/15/09,44,41,43,-10,0.29,22
10/16/09,45,39,42,-10,0.04,23
10/17/09,52,36,44,-8,  T,21
10/18/09,53,31,42,-9,0,23
10/19/09,65,44,55,4,0,10
10/20/09,62,48,55,5,0.03,10
10/21/09,69,55,62,12,  T,3
10/22/09,58,48,53,3,1.03,12
10/23/09,61,42,52,3,0.89,13
10/24/09,50,38,44,-5,0.04,21
10/25/09,62,44,53,5,0.27,12
10/26/09,55,49,52,4,0.11,13
10/27/09,51,45,48,0,0.06,17
10/28/09,57,50,54,7,0,11
10/29/09,60,47,54,7,0.6,11
10/30/09,67,46,57,11,0.81,8
10/31/09,46,35,41,-5,  T,24
11/1/09,52,30,41,-4,0,24
11/2/09,59,42,51,6,0.01,14
11/3/09,47,34,41,-4,0,24
11/4/09,52,40,46,2,0,19
11/5/09,55,35,45,1,0,20
11/6/09,62,34,48,5,0,17
11/7/09,71,46,59,16,0,6
11/8/09,70,45,58,16,0,7
11/9/09,63,50,57,15,0,8
11/10/09,55,39,47,5,0,18
11/11/09,54,35,45,4,0,20
11/12/09,56,28,42,1,0,23
11/13/09,55,33,44,4,0,21
11/14/09,63,43,53,13,  T,12
11/15/09,55,41,48,8,  T,17
11/16/09,48,44,46,7,  T,19
11/17/09,47,44,46,7,0.05,19
11/18/09,47,43,45,7,0.17,20
11/19/09,47,41,44,6,0.07,21
11/20/09,54,42,48,11,  T,17
11/21/09,54,33,44,7,0,21
11/22/09,57,34,46,9,0,19
11/23/09,49,41,45,9,0,20
11/24/09,50,40,45,9,0.64,20
11/25/09,49,37,43,8,0.12,22
11/26/09,42,33,38,3,0.15,27
11/27/09,40,29,35,1,0,30
11/28/09,54,29,42,8,0,23
11/29/09,44,33,39,5,0.02,26
11/30/09,41,30,36,3,0,29
12/1/09,55,32,44,11,0,21
12/2/09,45,33,39,7,  T,26
12/3/09,38,26,32,0,  T,33
12/4/09,28,23,26,-5,  T,39
12/5/09,32,23,28,-3,  T,37
12/6/09,36,26,31,0,0,34
12/7/09,31,26,29,-1,0.06,36
12/8/09,35,25,30,0,0.51,35
12/9/09,35,11,23,-7,0.16,42
12/10/09,13,0,7,-22,  T,58
12/11/09,23,7,15,-14,0,50
12/12/09,36,16,26,-2,0.01,39
12/13/09,37,32,35,7,  T,30
12/14/09,38,27,33,5,0.02,32
12/15/09,27,8,18,-9,0,47
12/16/09,23,5,14,-13,0,51
12/17/09,35,17,26,-1,0,39
12/18/09,36,31,34,8,0.27,31
12/19/09,33,29,31,5,0.22,34
12/20/09,30,26,28,2,  T,37
12/21/09,29,25,27,1,0.01,38
12/22/09,32,27,30,5,0.2,35
12/23/09,32,31,32,7,0.32,33
12/24/09,36,32,34,9,0.39,31
12/25/09,43,21,32,7,0.46,33
12/26/09,26,20,23,-1,0.06,42
12/27/09,21,14,18,-6,0.01,47
12/28/09,30,14,22,-2,0,43
12/29/09,24,8,16,-8,0,49
12/30/09,31,15,23,0,0.02,42
12/31/09,32,9,21,-2,0.01,44
1/1/10,16,5,11,-12,  T,54
1/2/10,11,2,7,-16,0,58
1/3/10,18,-1,9,-14,  T,56
1/4/10,18,7,13,-9,  T,52
1/5/10,23,13,18,-4,  T,47
1/6/10,20,10,15,-7,0.01,50
1/7/10,22,16,19,-3,0.27,46
1/8/10,27,11,19,-3,0.27,46
1/9/10,22,6,14,-8,0,51
1/10/10,18,0,9,-13,0,56
1/11/10,26,15,21,-1,  T,44
1/12/10,31,20,26,4,  T,39
1/13/10,35,19,27,6,0,38
1/14/10,40,31,36,15,0,29
1/15/10,34,25,30,9,  T,35
1/16/10,27,23,25,4,0,40
1/17/10,29,19,24,3,  T,41
1/18/10,31,27,29,8,  T,36
1/19/10,38,27,33,11,0,32
1/20/10,33,24,29,7,0.01,36
1/21/10,35,30,33,11,0.08,32
1/22/10,35,33,34,12,  T,31
1/23/10,44,34,39,17,  T,26
1/24/10,46,30,38,16,0.49,27
1/25/10,32,19,26,4,  T,39
1/26/10,24,12,18,-4,  T,47
1/27/10,23,9,16,-6,  T,49
1/28/10,17,6,12,-10,0,53
1/29/10,21,5,13,-10,  T,52
1/30/10,25,18,22,-1,  T,43
1/31/10,29,15,22,-1,0,43
2/1/10,30,14,22,-1,  T,43
2/2/10,32,25,29,6,0.1,36
2/3/10,32,23,28,4,0,37
2/4/10,33,21,27,3,0,38
2/5/10,35,30,33,9,0.02,32
2/6/10,31,25,28,4,  T,37
2/7/10,31,23,27,2,  T,38
2/8/10,30,20,25,0,  T,40
2/9/10,28,23,26,1,0.65,39
2/10/10,26,17,22,-4,0.02,43
2/11/10,30,10,20,-6,0,45
2/12/10,32,10,21,-5,0,44
2/13/10,30,11,21,-5,0,44
2/14/10,29,9,19,-8,0,46
2/15/10,28,6,17,-10,  T,48
2/16/10,32,25,29,2,  T,36
2/17/10,32,26,29,1,0,36
2/18/10,39,25,32,4,0,33
2/19/10,42,19,31,3,0,34
2/20/10,39,30,35,6,0.01,30
2/21/10,36,33,35,6,0.36,30
2/22/10,33,29,31,2,0.14,34
2/23/10,33,22,28,-2,  T,37
2/24/10,29,21,25,-5,0.34,40
2/25/10,28,18,23,-7,  T,42
2/26/10,31,17,24,-7,  T,41
2/27/10,34,28,31,0,  T,34
2/28/10,38,32,35,4,  T,30
3/1/10,36,27,32,0,0,33
3/2/10,33,23,28,-4,0,37
3/3/10,39,24,32,-1,0,33
3/4/10,42,22,32,-1,0,33
3/5/10,38,23,31,-2,0,34
3/6/10,45,20,33,-1,0,32
3/7/10,46,26,36,2,0.03,29
3/8/10,44,33,39,5,0,26
3/9/10,51,32,42,7,0.01,23
3/10/10,62,46,54,19,0.07,11
3/11/10,60,44,52,16,0.34,13
3/12/10,55,40,48,12,0.01,17
3/13/10,45,41,43,7,0.61,22
3/14/10,50,40,45,8,  T,20
3/15/10,48,39,44,7,0,21
3/16/10,61,35,48,11,0,17
3/17/10,63,32,48,10,0,17
3/18/10,61,41,51,13,0,14
3/19/10,65,39,52,14,0,13
3/20/10,39,31,35,-4,0.42,30
3/21/10,42,33,38,-1,0.02,27
3/22/10,49,34,42,3,0,23
3/23/10,59,28,44,4,0,21
3/24/10,53,35,44,4,0,21
3/25/10,47,29,38,-3,0.03,27
3/26/10,41,27,34,-7,0,31
3/27/10,50,31,41,0,0.01,24
3/28/10,52,37,45,3,0,20
3/29/10,46,30,38,-4,0,27
3/30/10,64,29,47,5,0,18
3/31/10,77,51,64,21,0,1
4/1/10,83,54,69,26,0,0
4/2/10,81,59,70,27,0,0
4/3/10,59,49,54,11,0.18,11
4/4/10,76,39,58,15,0.8,7
4/5/10,72,50,61,17,0.82,4
4/6/10,76,47,62,18,0.37,3
4/7/10,49,37,43,-2,0.13,22
4/8/10,40,34,37,-8,  T,28
4/9/10,56,30,43,-2,0,22
4/10/10,74,38,56,10,0,9
4/11/10,63,44,54,8,0,11
4/12/10,70,44,57,11,0.01,8
4/13/10,63,48,56,9,0,9
4/14/10,80,46,63,16,0,2
4/15/10,82,61,72,25,0,0
4/16/10,68,39,54,6,0,11
4/17/10,59,37,48,0,0,17
4/18/10,52,36,44,-5,0,21
4/19/10,56,35,46,-3,0,19
4/20/10,64,38,51,2,0,14
4/21/10,62,41,52,2,  T,13
4/22/10,60,38,49,-2,0,16
4/23/10,63,41,52,1,0.07,13
4/24/10,60,51,56,5,0.26,9
4/25/10,60,47,54,2,0.31,11
4/26/10,63,47,55,3,0,10
4/27/10,51,37,44,-8,0,21
4/28/10,64,33,49,-4,0,16
4/29/10,79,46,63,10,0,2
4/30/10,81,62,72,19,0.06,0
5/1/10,70,58,64,11,0.11,1
5/2/10,69,53,61,7,0.93,4
5/3/10,72,50,61,7,0,4
5/4/10,79,50,65,11,0,0
5/5/10,72,56,64,9,  T,1
5/6/10,63,46,55,0,0.01,10
5/7/10,59,45,52,-3,0.72,13
5/8/10,50,42,46,-10,0.02,19
5/9/10,58,38,48,-8,0,17
5/10/10,58,41,50,-6,  T,15
5/11/10,52,44,48,-9,0.97,17
5/12/10,51,44,48,-9,0.12,17
5/13/10,73,48,61,3,1.49,4
5/14/10,66,47,57,-1,0,8
5/15/10,61,43,52,-6,0,13
5/16/10,66,41,54,-5,0,11
5/17/10,58,50,54,-5,0.01,11
5/18/10,65,46,56,-4,0,9
5/19/10,74,44,59,-1,0,6
5/20/10,74,47,61,0,0.05,4
5/21/10,73,56,65,4,0.21,0
5/22/10,74,58,66,5,0,0
5/23/10,89,62,76,15,0,0
5/24/10,91,70,81,19,0,0
5/25/10,88,69,79,17,0,0
5/26/10,87,66,77,15,  T,0
5/27/10,77,61,69,7,0,0
5/28/10,79,57,68,5,0,0
5/29/10,86,59,73,9,0,0
5/30/10,91,61,76,12,0,0
5/31/10,81,66,74,10,0.26,0
6/1/10,85,63,74,10,0,0
6/2/10,77,57,67,3,1.02,0
6/3/10,71,56,64,0,0,1
6/4/10,83,57,70,6,0,0
6/5/10,79,60,70,5,0.15,0
6/6/10,76,55,66,0,  T,0
6/7/10,70,54,62,-4,0,3
6/8/10,67,58,63,-3,0.45,2
6/9/10,83,65,74,8,0,0
6/10/10,77,58,68,1,0,0
6/11/10,89,64,77,10,0.02,0
6/12/10,77,62,70,2,0.34,0
6/13/10,71,62,67,-1,0.25,0
6/14/10,70,60,65,-3,  T,0
6/15/10,79,60,70,2,0.59,0
6/16/10,82,63,73,4,0,0
6/17/10,84,64,74,5,0,0
6/18/10,90,67,79,9,0.87,0
6/19/10,85,66,76,6,0,0
6/20/10,81,64,73,3,  T,0
6/21/10,85,67,76,6,0.22,0
6/22/10,85,69,77,7,0,0
6/23/10,87,69,78,8,0.87,0
6/24/10,84,65,75,4,0,0
6/25/10,84,62,73,2,0,0
6/26/10,87,69,78,7,0.85,0
6/27/10,85,72,79,8,0.54,0
6/28/10,82,63,73,2,0,0
6/29/10,75,59,67,-4,0,0
6/30/10,75,56,66,-6,0,0
7/1/10,77,55,66,-6,0,0
7/2/10,83,59,71,-1,0,0
7/3/10,87,60,74,2,0,0
7/4/10,91,68,80,8,0,0
7/5/10,91,78,85,13,0,0
7/6/10,90,73,82,10,0.37,0
7/7/10,93,71,82,10,0.2,0
7/8/10,88,73,81,8,0.16,0
7/9/10,88,70,79,6,  T,0
7/10/10,89,69,79,6,0,0
7/11/10,85,66,76,3,0.79,0
7/12/10,84,65,75,2,  T,0
7/13/10,84,70,77,4,0.17,0
7/14/10,90,70,80,7,0,0
7/15/10,90,71,81,7,0.01,0
7/16/10,90,67,79,5,0,0
7/17/10,93,71,82,8,0,0
7/18/10,92,72,82,8,0.01,0
7/19/10,84,69,77,3,0.01,0
7/20/10,86,68,77,3,  T,0
7/21/10,91,72,82,8,0,0
7/22/10,90,69,80,6,0.01,0
7/23/10,94,70,82,8,2.79,0
7/24/10,87,69,78,4,3.64,0
7/25/10,81,66,74,0,0,0
7/26/10,84,61,73,-1,0,0
7/27/10,88,68,78,4,0,0
7/28/10,88,73,81,7,0,0
7/29/10,82,67,75,1,0,0
7/30/10,80,69,75,1,  T,0
7/31/10,80,65,73,-1,0.68,0
8/1/10,86,65,76,3,0,0
8/2/10,84,67,76,3,  T,0
8/3/10,86,66,76,3,0.28,0
8/4/10,83,71,77,4,0.48,0
8/5/10,83,68,76,3,0,0
8/6/10,82,64,73,0,0,0
8/7/10,83,62,73,0,0,0
8/8/10,87,69,78,5,0.08,0
8/9/10,88,72,80,7,0.15,0
8/10/10,89,75,82,9,0,0
8/11/10,90,75,83,10,0,0
8/12/10,92,74,83,10,0,0
8/13/10,92,73,83,10,0.25,0
8/14/10,88,72,80,8,  T,0
8/15/10,83,66,75,3,0,0
8/16/10,80,63,72,0,0,0
8/17/10,79,64,72,0,0.03,0
8/18/10,84,63,74,2,0.05,0
8/19/10,88,66,77,6,0,0
8/20/10,92,71,82,11,0.03,0
8/21/10,86,71,79,8,0.45,0
8/22/10,81,68,75,4,0,0
8/23/10,80,65,73,2,0,0
8/24/10,84,64,74,3,  T,0
8/25/10,79,61,70,0,0,0
8/26/10,79,59,69,-1,0,0
8/27/10,86,59,73,3,0,0
8/28/10,88,65,77,7,0,0
8/29/10,94,71,83,13,0,0
8/30/10,88,74,81,11,0,0
8/31/10,93,75,84,15,0,0
9/1/10,81,71,76,8,0.17,0
9/2/10,83,65,74,6,1.55,0
9/3/10,70,56,63,-5,  T,2
9/4/10,68,51,60,-8,  T,5
9/5/10,76,49,63,-4,  T,2
9/6/10,82,66,74,7,  T,0
9/7/10,77,58,68,1,0,0
9/8/10,71,51,61,-5,0,4
9/9/10,67,50,59,-7,0,6
9/10/10,72,55,64,-2,0,1
9/11/10,75,58,67,2,0.24,0
9/12/10,83,54,69,4,0,0
9/13/10,82,57,70,5,0,0
9/14/10,77,54,66,2,0,0
9/15/10,75,59,67,3,  T,0
9/16/10,69,53,61,-3,0.16,4
9/17/10,74,49,62,-2,0,3
9/18/10,65,58,62,-2,0.35,3
9/19/10,67,55,61,-2,  T,4
9/20/10,75,62,69,7,  T,0
9/21/10,88,68,78,16,0.05,0
9/22/10,74,63,69,7,0,0
9/23/10,89,65,77,16,0,0
9/24/10,80,56,68,7,0.26,0
9/25/10,60,52,56,-5,0,9
9/26/10,60,50,55,-5,  T,10
9/27/10,65,48,57,-3,0,8
9/28/10,71,46,59,0,0,6
9/29/10,75,52,64,5,0,1
9/30/10,74,52,63,4,0,2
10/1/10,73,48,61,3,0.08,4
10/2/10,57,45,51,-7,0.26,14
10/3/10,56,42,49,-8,0.08,16
10/4/10,60,38,49,-8,0,16
10/5/10,68,39,54,-3,0,11
10/6/10,78,46,62,6,0,3
10/7/10,76,49,63,7,0,2
10/8/10,79,48,64,8,0,1
10/9/10,86,55,71,16,0,0
10/10/10,84,57,71,16,0,0
10/11/10,82,54,68,14,0,0
10/12/10,76,52,64,10,0,1
10/13/10,66,47,57,4,0.1,8
10/14/10,66,43,55,2,0,10
10/15/10,63,44,54,1,0,11
10/16/10,71,40,56,4,0,9
10/17/10,65,47,56,4,0,9
10/18/10,61,43,52,1,0,13
10/19/10,60,39,50,-1,0,15
10/20/10,70,44,57,7,  T,8
10/21/10,56,38,47,-3,0,18
10/22/10,64,33,49,-1,0.02,16
10/23/10,65,54,60,11,0.1,5
10/24/10,72,54,63,14,0.05,2
10/25/10,72,56,64,16,0,1
10/26/10,70,54,62,14,0.24,3
10/27/10,65,43,54,6,0,11
10/28/10,46,39,43,-4,  T,22
10/29/10,50,31,41,-6,0,24
10/30/10,63,42,53,7,0,12
10/31/10,52,36,44,-2,0,21
11/1/10,54,32,43,-2,0,22
11/2/10,52,32,42,-3,0,23
11/3/10,54,31,43,-2,0.01,22
11/4/10,51,38,45,1,0.01,20
11/5/10,40,28,34,-10,0,31
11/6/10,46,25,36,-7,0,29
11/7/10,59,35,47,4,0,18
11/8/10,67,38,53,11,0,12
11/9/10,69,40,55,13,0,10
11/10/10,68,43,56,14,0,9
11/11/10,67,46,57,16,0.34,8
11/12/10,56,48,52,11,  T,13
11/13/10,57,39,48,8,0.03,17
11/14/10,48,37,43,3,0.08,22
11/15/10,51,32,42,2,0,23
11/16/10,50,32,41,2,0,24
11/17/10,47,37,42,3,  T,23
11/18/10,39,26,33,-5,0,32
11/19/10,51,25,38,0,0,27
11/20/10,43,30,37,0,0,28
11/21/10,60,41,51,14,  T,14
11/22/10,67,39,53,16,1.37,12
11/23/10,39,26,33,-3,0,32
11/24/10,40,25,33,-3,0.13,32
11/25/10,39,21,30,-5,0.01,35
11/26/10,32,18,25,-10,0,40
11/27/10,34,21,28,-6,0,37
11/28/10,46,22,34,0,0,31
11/29/10,49,33,41,7,0.51,24
11/30/10,49,25,37,4,0.02,28
,26,22,24,-9,  T,41
,33,22,28,-4,0,37
,31,18,25,-7,  T,40
,32,23,28,-3,0.49,37
,26,12,19,-12,  T,46
,20,8,14,-17,  T,51
,20,11,16,-14,0,49
,25,7,16,-14,0,49
,29,5,17,-13,0.03,48
,37,23,30,1,0,35
,36,24,30,1,0.45,35
,31,12,22,-6,0.04,43
,16,7,12,-16,  T,53
,21,6,14,-14,0,51
,25,2,14,-13,0,51
,27,20,24,-3,0.01,41
,22,13,18,-9,0,47
,19,10,15,-11,0,50
,21,8,15,-11,0,50
,27,6,17,-9,0.2,48
,31,26,29,3,0.02,36
,35,18,27,2,  T,38
,29,19,24,-1,0,41
,32,27,30,5,0.2,35
,31,20,26,1,0.06,39
,33,19,26,2,0.17,39
,22,11,17,-7,0,48
,27,12,20,-4,0,45
,36,9,23,-1,0.01,42
,46,34,40,17,  T,25
,53,41,47,24,0.67,18
1/1/11,41,14,28,5,  T,37
1/2/11,24,12,18,-5,0,47
1/3/11,36,22,29,6,0,36
1/4/11,30,13,22,0,0,43
1/5/11,31,8,20,-2,  T,45
1/6/11,28,18,23,1,  T,42
1/7/11,22,12,17,-5,0.02,48
1/8/11,24,9,17,-5,  T,48
1/9/11,31,9,20,-2,0,45
1/10/11,33,18,26,4,0,39
1/11/11,27,22,25,3,0.31,40
1/12/11,26,20,23,1,  T,42
1/13/11,24,15,20,-1,  T,45
1/14/11,24,16,20,-1,0.01,45
1/15/11,24,13,19,-2,  T,46
1/16/11,22,6,14,-7,  T,51
1/17/11,32,18,25,4,0.31,40
1/18/11,32,19,26,5,0.1,39
1/19/11,23,15,19,-3,  T,46
1/20/11,19,5,12,-10,  T,53
1/21/11,8,-4,2,-20,0,63
1/22/11,17,5,11,-11,0.01,54
1/23/11,20,4,12,-10,0.01,53
1/24/11,27,15,21,-1,0.03,44
1/25/11,29,21,25,3,  T,40
1/26/11,28,18,23,1,  T,42
1/27/11,25,17,21,-1,0.03,44
1/28/11,31,19,25,3,  T,40
1/29/11,33,26,30,7,  T,35
1/30/11,30,26,28,5,  T,37
1/31/11,26,20,23,0,0.09,42
2/1/11,23,20,22,-1,0.74,43
2/2/11,23,5,14,-9,0.74,51
2/3/11,16,-6,5,-19,0,60
2/4/11,25,5,15,-9,0,50
2/5/11,28,4,16,-8,0,49
2/6/11,32,24,28,4,0.2,37
2/7/11,32,19,26,1,0.13,39
2/8/11,20,2,11,-14,  T,54
2/9/11,12,-2,5,-20,0,60
2/10/11,16,-9,4,-22,0,61
2/11/11,30,5,18,-8,  T,47
2/12/11,37,24,31,5,  T,34
2/13/11,45,32,39,13,0,26
2/14/11,42,26,34,7,0,31
2/15/11,38,23,31,4,  T,34
2/16/11,49,37,43,16,0,22
2/17/11,56,47,52,24,0,13
2/18/11,50,33,42,14,0,23
2/19/11,35,25,30,2,0,35
2/20/11,36,28,32,3,0.95,33
2/21/11,33,25,29,0,  T,36
2/22/11,27,23,25,-4,0.03,40
2/23/11,33,24,29,-1,0.11,36
2/24/11,36,32,34,4,  T,31
2/25/11,36,29,33,3,0.11,32
2/26/11,33,24,29,-2,0.12,36
2/27/11,36,25,31,0,0.25,34
2/28/11,37,25,31,0,0.14,34
3/1/11,43,22,33,1,0,32
3/2/11,37,24,31,-1,0,34
3/3/11,45,25,35,2,  T,30
3/4/11,54,35,45,12,1.11,20
3/5/11,36,27,32,-1,0.16,33
3/6/11,34,26,30,-4,0,35
3/7/11,34,24,29,-5,0,36
3/8/11,45,32,39,5,0.01,26
3/9/11,44,33,39,4,0.39,26
3/10/11,37,32,35,0,  T,30
3/11/11,47,27,37,1,0,28
3/12/11,44,28,36,0,0,29
3/13/11,41,24,33,-3,0,32
3/14/11,42,26,34,-3,0,31
3/15/11,39,31,35,-2,0,30
3/16/11,60,32,46,9,0,19
3/17/11,67,48,58,20,0,7
3/18/11,53,34,44,6,0,21
3/19/11,50,28,39,1,0,26
3/20/11,57,40,49,10,0.32,16
3/21/11,60,41,51,12,0.02,14
3/22/11,42,37,40,1,0.3,25
3/23/11,41,28,35,-5,0.3,30
3/24/11,34,24,29,-11,0.01,36
3/25/11,34,24,29,-12,  T,36
3/26/11,32,25,29,-12,0,36
3/27/11,35,23,29,-12,0,36
3/28/11,36,21,29,-13,0,36
3/29/11,42,24,33,-9,0,32
3/30/11,45,26,36,-6,0,29
3/31/11,48,23,36,-7,0,29
4/1/11,45,28,37,-6,0.18,28
4/2/11,54,36,45,2,0,20
4/3/11,72,35,54,11,0.13,11
4/4/11,68,40,54,11,0.11,11
4/5/11,53,33,43,-1,0,22
4/6/11,59,42,51,7,  T,14
4/7/11,46,39,43,-2,0.25,22
4/8/11,45,40,43,-2,0.51,22
4/9/11,66,44,55,10,0,10
4/10/11,83,56,70,24,  T,0
4/11/11,67,44,56,10,0,9
4/12/11,58,40,49,3,0,16
4/13/11,68,36,52,5,0,13
4/14/11,53,40,47,0,  T,18
4/15/11,51,37,44,-3,0.34,21
4/16/11,49,35,42,-6,0.2,23
4/17/11,53,35,44,-4,0.08,21
4/18/11,41,32,37,-12,0.49,28
4/19/11,38,34,36,-13,0.95,29
4/20/11,43,32,38,-11,0.01,27
4/21/11,50,32,41,-9,0.03,24
4/22/11,46,39,43,-8,0.56,22
4/23/11,64,45,55,4,0,10
4/24/11,56,45,51,0,0,14
4/25/11,54,45,50,-2,0.34,15
4/26/11,68,47,58,6,0.38,7
4/27/11,55,43,49,-3,0.31,16
4/28/11,45,40,43,-10,0.03,22
4/29/11,62,36,49,-4,0,16
4/30/11,71,48,60,7,0,5
5/1/11,63,47,55,2,0,10
5/2/11,59,42,51,-3,0,14
5/3/11,50,37,44,-10,  T,21
5/4/11,59,37,48,-6,0,17
5/5/11,63,35,49,-6,0.06,16
5/6/11,68,44,56,1,  T,9
5/7/11,60,43,52,-3,  T,13
5/8/11,68,39,54,-2,0,11
5/9/11,73,47,60,4,  T,5
5/10/11,90,62,76,20,0,0
5/11/11,87,63,75,18,0.13,0
5/12/11,86,58,72,15,0.29,0
5/13/11,77,47,62,4,0.02,3
5/14/11,53,45,49,-9,0.31,16
5/15/11,46,41,44,-14,0.31,21
5/16/11,52,37,45,-14,0,20
5/17/11,60,40,50,-9,0,15
5/18/11,57,49,53,-7,0.07,12
5/19/11,72,49,61,1,0,4
5/20/11,73,50,62,1,0,3
5/21/11,75,50,63,2,0.01,2
5/22/11,87,61,74,13,0.58,0
5/23/11,79,60,70,9,  T,0
5/24/11,66,47,57,-5,0.11,8
5/25/11,67,47,57,-5,2.24,8
5/26/11,49,43,46,-16,1.06,19
5/27/11,58,40,49,-13,  T,16
5/28/11,62,51,57,-6,0.12,8
5/29/11,70,52,61,-3,1.88,4
5/30/11,88,56,72,8,0,0
5/31/11,85,69,77,13,0.08,0
6/1/11,81,59,70,6,0,0
6/2/11,69,56,63,-1,0.02,2
6/3/11,87,55,71,7,0.01,0
6/4/11,92,64,78,14,0.18,0
6/5/11,85,60,73,8,  T,0
6/6/11,93,60,77,11,0,0
6/7/11,96,75,86,20,0,0
6/8/11,95,66,81,15,0.17,0
6/9/11,69,50,60,-6,0.93,5
6/10/11,69,51,60,-7,0.52,5
6/11/11,62,52,57,-10,0.03,8
6/12/11,64,50,57,-11,0,8
6/13/11,72,54,63,-5,0,2
6/14/11,77,53,65,-3,0,0
6/15/11,71,57,64,-4,0.8,1
6/16/11,81,61,71,2,0.04,0
6/17/11,82,60,71,2,0,0
6/18/11,84,61,73,3,0,0
6/19/11,81,63,72,2,0,0
6/20/11,79,65,72,2,0.18,0
6/21/11,89,66,78,8,0.45,0
6/22/11,73,64,69,-1,0.02,0
6/23/11,71,62,67,-3,0.01,0
6/24/11,68,60,64,-7,0,1
6/25/11,79,58,69,-2,0,0
6/26/11,81,57,69,-2,0,0
6/27/11,81,65,73,2,0.03,0
6/28/11,81,63,72,1,0,0
6/29/11,81,59,70,-1,0,0
6/30/11,88,60,74,2,  T,0
7/1/11,89,72,81,9,0,0
7/2/11,94,71,83,11,0,0
7/3/11,84,69,77,5,0,0
7/4/11,89,65,77,5,0,0
7/5/11,91,68,80,8,0,0
7/6/11,86,70,78,6,  T,0
7/7/11,82,63,73,1,  T,0
7/8/11,86,61,74,1,0,0
7/9/11,91,61,76,3,0,0
7/10/11,91,74,83,10,  T,0
7/11/11,88,71,80,7,0.39,0
7/12/11,87,70,79,6,0.01,0
7/13/11,74,63,69,-4,0,0
7/14/11,82,59,71,-2,0,0
7/15/11,87,70,79,5,  T,0
7/16/11,89,71,80,6,  T,0
7/17/11,95,69,82,8,0,0
7/18/11,92,80,86,12,0.01,0
7/19/11,93,78,86,12,0,0
7/20/11,99,73,86,12,0.02,0
7/21/11,99,75,87,13,0.02,0
7/22/11,88,70,79,5,1.55,0
7/23/11,87,70,79,5,6.86,0
7/24/11,87,72,80,6,0.18,0
7/25/11,88,73,81,7,0,0
7/26/11,83,71,77,3,0,0
7/27/11,90,68,79,5,0.71,0
7/28/11,87,73,80,6,0.7,0
7/29/11,86,71,79,5,0.7,0
7/30/11,91,67,79,5,0,0
7/31/11,90,68,79,5,0,0
8/1/11,91,74,83,10,0,0
8/2/11,93,74,84,11,0.43,0
8/3/11,86,72,79,6,0,0
8/4/11,84,69,77,4,0,0
8/5/11,83,69,76,3,  T,0
8/6/11,85,72,79,6,0.18,0
8/7/11,86,68,77,4,0.75,0
8/8/11,80,68,74,1,0.63,0
8/9/11,80,64,72,-1,0,0
8/10/11,77,61,69,-4,0,0
8/11/11,81,57,69,-4,0,0
8/12/11,81,60,71,-2,0,0
8/13/11,83,62,73,0,0.75,0
8/14/11,75,62,69,-3,  T,0
8/15/11,82,57,70,-2,0,0
8/16/11,85,61,73,1,0,0
8/17/11,83,62,73,1,0,0
8/18/11,84,67,76,4,0,0
8/19/11,87,64,76,5,0,0
8/20/11,80,66,73,2,1.11,0
8/21/11,80,64,72,1,  T,0
8/22/11,82,59,71,0,0,0
8/23/11,73,62,68,-3,0.65,0
8/24/11,92,69,81,10,0,0
8/25/11,83,64,74,4,0,0
8/26/11,83,59,71,1,0,0
8/27/11,81,64,73,3,0,0
8/28/11,77,61,69,-1,0,0
8/29/11,79,59,69,-1,0,0
8/30/11,76,61,69,-1,0.04,0
8/31/11,87,65,76,7,  T,0
9/1/11,93,71,82,14,0,0
9/2/11,92,76,84,16,0,0
9/3/11,89,69,79,11,0.02,0
9/4/11,73,58,66,-2,0,0
9/5/11,65,52,59,-8,0,6
9/6/11,66,51,59,-8,0,6
9/7/11,70,52,61,-6,0,4
9/8/11,75,57,66,0,  T,0
9/9/11,72,60,66,0,0.02,0
9/10/11,78,56,67,1,0,0
9/11/11,83,57,70,5,0,0
9/12/11,86,64,75,10,0,0
9/13/11,73,56,65,0,0,0
9/14/11,58,47,53,-11,0.08,12
9/15/11,59,42,51,-13,0,14
9/16/11,58,46,52,-12,0,13
9/17/11,68,50,59,-5,0,6
9/18/11,65,55,60,-4,0.43,5
9/19/11,69,54,62,-1,0.24,3
9/20/11,74,49,62,0,0,3
9/21/11,71,56,64,2,  T,1
9/22/11,64,51,58,-4,0,7
9/23/11,62,48,55,-6,0,10
9/24/11,62,51,57,-4,0.14,8
9/25/11,64,51,58,-3,0.08,7
9/26/11,60,53,57,-3,1.21,8
9/27/11,63,54,59,-1,0.31,6
9/28/11,63,53,58,-1,0.77,7
9/29/11,66,49,58,-1,0.06,7
9/30/11,57,45,51,-8,0.09,14
10/1/11,56,42,49,-9,  T,16
10/2/11,66,41,54,-4,0,11
10/3/11,69,44,57,0,0,8
10/4/11,76,43,60,3,0,5
10/5/11,80,49,65,8,0,0
10/6/11,81,50,66,10,0,0
10/7/11,84,54,69,13,0,0
10/8/11,82,54,68,12,0,0
10/9/11,80,52,66,11,0,0
10/10/11,76,54,65,10,0,0
10/11/11,79,57,68,14,0,0
10/12/11,78,55,67,13,0,0
10/13/11,66,52,59,6,0.28,6
10/14/11,62,48,55,2,0,10
10/15/11,62,47,55,2,0,10
10/16/11,62,48,55,3,0.17,10
10/17/11,59,41,50,-2,0,15
10/18/11,54,41,48,-3,0.06,17
10/19/11,49,44,47,-4,0.85,18
10/20/11,47,43,45,-5,0.08,20
10/21/11,55,38,47,-3,0,18
10/22/11,66,34,50,0,0,15
10/23/11,68,38,53,4,0.2,12
10/24/11,63,45,54,5,0,11
10/25/11,74,45,60,12,0.02,5
10/26/11,53,47,50,2,0,15
10/27/11,53,39,46,-2,0.12,19
10/28/11,55,35,45,-2,0.03,20
10/29/11,55,34,45,-2,0,20
10/30/11,57,33,45,-1,0.17,20
10/31/11,53,36,45,-1,0,20
11/1/11,65,35,50,5,0,15
11/2/11,65,48,57,12,0.01,8
11/3/11,48,46,47,2,0.08,18
11/4/11,53,36,45,1,0,20
11/5/11,58,34,46,2,0,19
11/6/11,59,41,50,7,0,15
11/7/11,58,51,55,12,0.04,10
11/8/11,51,47,49,7,1.53,16
11/9/11,62,37,50,8,0.39,15
11/10/11,41,32,37,-5,0.01,28
11/11/11,45,30,38,-3,0,27
11/12/11,60,36,48,7,0,17
11/13/11,70,47,59,19,0,6
11/14/11,53,36,45,5,0.01,20
11/15/11,64,34,49,9,0,16
11/16/11,46,31,39,0,0,26
11/17/11,36,24,30,-9,0,35
11/18/11,51,25,38,0,0,27
11/19/11,58,44,51,13,  T,14
11/20/11,55,39,47,10,0,18
11/21/11,47,41,44,7,0,21
11/22/11,43,40,42,5,0.24,23
11/23/11,50,34,42,6,0,23
11/24/11,47,40,44,8,0,21
11/25/11,57,42,50,15,0,15
11/26/11,56,45,51,16,1.01,14
11/27/11,46,36,41,7,0.12,24
11/28/11,41,34,38,4,  T,27
11/29/11,44,31,38,4,0,27
11/30/11,44,25,35,2,0,30
12/1/11,48,25,37,4,  T,28
12/2/11,43,31,37,5,0.02,28
12/3/11,50,37,44,12,0.33,21
12/4/11,52,36,44,13,0.02,21
12/5/11,40,35,38,7,0.08,27
12/6/11,37,27,32,1,  T,33
12/7/11,34,25,30,0,0,35
12/8/11,36,24,30,0,0,35
12/9/11,32,18,25,-5,0.03,40
12/10/11,27,12,20,-9,0,45
12/11/11,45,27,36,7,0,29
12/12/11,47,23,35,7,0,30
12/13/11,45,38,42,14,0.09,23
12/14/11,55,41,48,20,1.43,17
12/15/11,57,33,45,18,0.02,20
12/16/11,34,26,30,3,0,35
12/17/11,32,28,30,3,0.06,35
12/18/11,44,25,35,9,0,30
12/19/11,50,38,44,18,  T,21
12/20/11,39,36,38,12,  T,27
12/21/11,43,37,40,14,0.01,25
12/22/11,40,31,36,11,0.02,29
12/23/11,34,23,29,4,0,36
12/24/11,39,21,30,5,0,35
12/25/11,45,29,37,12,0,28
12/26/11,45,23,34,10,0.06,31
12/27/11,41,26,34,10,0.06,31
12/28/11,31,20,26,2,0,39
12/29/11,48,31,40,16,0.01,25
12/30/11,44,32,38,15,0.41,27
12/31/11,40,29,35,12,0,30
1/1/12,44,29,37,14,0.04,28
1/2/12,29,18,24,1,0.01,41
1/3/12,27,13,20,-3,0,45
1/4/12,41,25,33,11,0,32
1/5/12,49,23,36,14,0,29
1/6/12,55,38,47,25,0,18
1/7/12,44,28,36,14,0,29
1/8/12,42,25,34,12,0,31
1/9/12,46,25,36,14,0,29
1/10/12,52,25,39,17,0,26
1/11/12,54,27,41,19,0,24
1/12/12,37,19,28,6,0.35,37
1/13/12,22,17,20,-1,0.01,45
1/14/12,19,8,14,-7,  T,51
1/15/12,31,5,18,-3,  T,47
1/16/12,45,30,38,17,0.04,27
1/17/12,39,17,28,7,0.16,37
1/18/12,26,10,18,-3,0,47
1/19/12,28,5,17,-5,0.01,48
1/20/12,24,5,15,-7,0.54,50
1/21/12,25,16,21,-1,  T,44
1/22/12,40,16,28,6,0.32,37
1/23/12,46,30,38,16,0.29,27
1/24/12,37,25,31,9,0,34
1/25/12,36,22,29,7,0,36
1/26/12,38,32,35,13,  T,30
1/27/12,43,34,39,17,0.04,26
1/28/12,34,26,30,8,0.05,35
1/29/12,31,21,26,3,  T,39
1/30/12,53,22,38,15,0,27
1/31/12,57,43,50,27,0,15
2/1/12,48,32,40,17,0,25
2/2/12,43,31,37,14,0,28
2/3/12,39,33,36,12,0,29
2/4/12,42,29,36,12,0,29
2/5/12,45,29,37,13,0,28
2/6/12,33,30,32,8,0,33
2/7/12,36,29,33,8,0.01,32
2/8/12,37,25,31,6,0,34
2/9/12,36,21,29,4,0,36
2/10/12,36,14,25,-1,0.19,40
2/11/12,20,10,15,-11,0,50
2/12/12,35,16,26,0,0,39
2/13/12,36,15,26,0,0.03,39
2/14/12,36,29,33,6,  T,32
2/15/12,43,30,37,10,0.16,28
2/16/12,47,34,41,14,0.02,24
2/17/12,49,28,39,11,0,26
2/18/12,39,27,33,5,0,32
2/19/12,38,24,31,3,0,34
2/20/12,45,22,34,5,0,31
2/21/12,41,33,37,8,0.06,28
2/22/12,44,29,37,8,0.01,28
2/23/12,40,29,35,5,0.33,30
2/24/12,35,26,31,1,0.54,34
2/25/12,27,16,22,-8,0,43
2/26/12,53,17,35,4,0,30
2/27/12,40,25,33,2,0,32
2/28/12,44,23,34,3,0.11,31
2/29/12,59,35,47,16,0.18,18
3/1/12,40,35,38,6,  T,27
3/2/12,40,34,37,5,0.19,28
3/3/12,35,30,33,0,  T,32
3/4/12,32,26,29,-4,  T,36
3/5/12,37,21,29,-4,0,36
3/6/12,68,31,50,16,0,15
3/7/12,68,54,61,27,0,4
3/8/12,63,37,50,16,0.28,15
3/9/12,40,28,34,-1,0,31
3/10/12,60,27,44,9,0,21
3/11/12,69,41,55,19,  T,10
3/12/12,65,52,59,23,0.19,6
3/13/12,70,48,59,23,0,6
3/14/12,81,46,64,27,0,1
3/15/12,81,48,65,28,0,0
3/16/12,82,46,64,27,0,1
3/17/12,82,58,70,32,0,0
3/18/12,81,57,69,31,0,0
3/19/12,78,61,70,32,0.03,0
3/20/12,85,63,74,35,0,0
3/21/12,87,61,74,35,0,0
3/22/12,83,60,72,33,0.16,0
3/23/12,63,55,59,19,1.25,6
3/24/12,62,50,56,16,  T,9
3/25/12,71,43,57,16,0,8
3/26/12,47,37,42,1,  T,23
3/27/12,74,40,57,16,0,8
3/28/12,68,45,57,15,0,8
3/29/12,48,40,44,2,0,21
3/30/12,53,40,47,5,0.58,18
3/31/12,50,39,45,2,0,20
4/1/12,57,42,50,7,0.06,15
4/2/12,62,47,55,12,0,10
4/3/12,70,48,59,16,0,6
4/4/12,58,46,52,9,0,13
4/5/12,49,38,44,0,0,21
4/6/12,53,33,43,-1,0,22
4/7/12,67,34,51,6,  T,14
4/8/12,66,45,56,11,  T,9
4/9/12,63,41,52,7,  T,13
4/10/12,46,34,40,-6,0,25
4/11/12,54,32,43,-3,0,22
4/12/12,63,32,48,2,0,17
4/13/12,66,40,53,6,0,12
4/14/12,67,54,61,14,0.16,4
4/15/12,77,61,69,22,0.67,0
4/16/12,67,43,55,7,0.01,10
4/17/12,57,39,48,0,0,17
4/18/12,73,39,56,7,0.01,9
4/19/12,61,45,53,4,0,12
4/20/12,47,42,45,-4,0.02,20
4/21/12,53,36,45,-5,0,20
4/22/12,53,41,47,-4,0,18
4/23/12,60,39,50,-1,0,15
4/24/12,66,38,52,1,0,13
4/25/12,61,46,54,2,0.1,11
4/26/12,55,39,47,-5,0,18
4/27/12,54,35,45,-7,0.01,20
4/28/12,50,45,48,-5,0.25,17
4/29/12,57,43,50,-3,0.36,15
4/30/12,62,50,56,3,  T,9
5/1/12,65,49,57,4,0.09,8
5/2/12,80,58,69,15,0,0
5/3/12,86,66,76,22,1.34,0
5/4/12,73,55,64,10,0.28,1
5/5/12,60,52,56,1,  T,9
5/6/12,70,51,61,6,0.8,4
5/7/12,64,52,58,3,0.47,7
5/8/12,70,52,61,5,0,4
5/9/12,60,47,54,-2,0.06,11
5/10/12,67,46,57,1,0,8
5/11/12,78,43,61,4,0,4
5/12/12,69,53,61,4,0.03,4
5/13/12,72,50,61,3,0,4
5/14/12,82,43,63,5,0,2
5/15/12,86,57,72,14,0.05,0
5/16/12,65,50,58,-1,0,7
5/17/12,74,45,60,1,0,5
5/18/12,85,53,69,9,0,0
5/19/12,92,59,76,16,0,0
5/20/12,93,65,79,18,0.14,0
5/21/12,67,54,61,0,0,4
5/22/12,71,50,61,0,0,4
5/23/12,82,47,65,4,0,0
5/24/12,90,64,77,15,0,0
5/25/12,83,65,74,12,0,0
5/26/12,86,60,73,11,  T,0
5/27/12,97,70,84,22,0,0
5/28/12,95,77,86,23,  T,0
5/29/12,85,61,73,9,0,0
5/30/12,70,53,62,-2,0,3
5/31/12,54,47,51,-13,1.12,14
6/1/12,65,49,57,-7,0.01,8
6/2/12,76,49,63,-1,0,2
6/3/12,81,57,69,5,  T,0
6/4/12,75,59,67,3,  T,0
6/5/12,70,57,64,-1,0,1
6/6/12,76,52,64,-2,0,1
6/7/12,82,54,68,2,0,0
6/8/12,88,54,71,5,0,0
6/9/12,90,65,78,12,0,0
6/10/12,93,67,80,13,0,0
6/11/12,90,70,80,13,  T,0
6/12/12,78,59,69,1,0,0
6/13/12,72,54,63,-5,0,2
6/14/12,87,56,72,4,0,0
6/15/12,94,59,77,9,0,0
6/16/12,94,69,82,13,0.31,0
6/17/12,87,69,78,9,0.11,0
6/18/12,94,69,82,12,0,0
6/19/12,95,78,87,17,0,0
6/20/12,95,77,86,16,0,0
6/21/12,85,70,78,8,0.01,0
6/22/12,87,64,76,6,0,0
6/23/12,87,62,75,5,0,0
6/24/12,94,65,80,9,0,0
6/25/12,76,60,68,-3,0,0
6/26/12,83,56,70,-1,0,0
6/27/12,92,57,75,4,0,0
6/28/12,100,76,88,17,0.04,0
6/29/12,88,69,79,8,0.42,0
6/30/12,92,69,81,9,0,0
7/1/12,91,68,80,8,  T,0
7/2/12,98,71,85,13,0,0
7/3/12,96,77,87,15,0,0
7/4/12,102,79,91,19,0,0
7/5/12,103,79,91,19,0.28,0
7/6/12,103,82,93,21,0,0
7/7/12,98,73,86,14,0,0
7/8/12,85,68,77,4,0,0
7/9/12,91,66,79,6,0,0
7/10/12,83,67,75,2,0,0
7/11/12,87,64,76,3,0,0
7/12/12,91,66,79,6,0,0
7/13/12,93,70,82,9,0.28,0
7/14/12,90,70,80,7,  T,0
7/15/12,95,71,83,9,0,0
7/16/12,97,72,85,11,0,0
7/17/12,99,79,89,15,0,0
7/18/12,94,72,83,9,0.85,0
7/19/12,83,71,77,3,0.8,0
7/20/12,81,68,75,1,0,0
7/21/12,87,65,76,2,0,0
7/22/12,89,68,79,5,  T,0
7/23/12,97,81,89,15,  T,0
7/24/12,84,69,77,3,0.54,0
7/25/12,99,70,85,11,0.01,0
7/26/12,89,69,79,5,0.71,0
7/27/12,86,66,76,2,0.03,0
7/28/12,82,67,75,1,0,0
7/29/12,85,63,74,0,  T,0
7/30/12,92,69,81,7,0,0
7/31/12,85,68,77,3,0.16,0
8/1/12,90,68,79,6,0,0
8/2/12,93,66,80,7,0,0
8/3/12,95,71,83,10,0,0
8/4/12,93,71,82,9,0.37,0
8/5/12,84,66,75,2,0,0
8/6/12,85,62,74,1,0,0
8/7/12,92,62,77,4,0,0
8/8/12,84,72,78,5,  T,0
8/9/12,75,63,69,-4,0.05,0
8/10/12,76,61,69,-4,0.18,0
8/11/12,78,56,67,-6,0,0
8/12/12,76,55,66,-7,  T,0
8/13/12,69,60,65,-8,0.4,0
8/14/12,84,56,70,-2,  T,0
8/15/12,85,65,75,3,  T,0
8/16/12,76,62,69,-3,0.39,0
8/17/12,76,58,67,-5,0,0
8/18/12,77,53,65,-7,0,0
8/19/12,79,60,70,-1,0,0
8/20/12,74,58,66,-5,0.08,0
8/21/12,79,53,66,-5,0,0
8/22/12,85,54,70,-1,0,0
8/23/12,92,64,78,7,0.03,0
8/24/12,94,64,79,8,0,0
8/25/12,93,66,80,10,0,0
8/26/12,79,66,73,3,0.57,0
8/27/12,88,66,77,7,0,0
8/28/12,86,63,75,5,0,0
8/29/12,84,65,75,5,0,0
8/30/12,90,64,77,7,0,0
8/31/12,92,71,82,13,0,0
9/1/12,75,71,73,5,  T,0
9/2/12,82,73,78,10,  T,0
9/3/12,88,71,80,12,0,0
9/4/12,90,66,78,10,0.64,0
9/5/12,86,63,75,8,0.16,0
9/6/12,86,68,77,10,0,0
9/7/12,78,59,69,2,0.06,0
9/8/12,73,54,64,-2,0.28,1
9/9/12,72,55,64,-2,0,1
9/10/12,75,52,64,-2,0,1
9/11/12,83,52,68,3,0,0
9/12/12,86,63,75,10,0,0
9/13/12,71,54,63,-2,0.19,2
9/14/12,76,51,64,0,0,1
9/15/12,79,50,65,1,0,0
9/16/12,77,49,63,-1,0,2
9/17/12,78,55,67,3,0.26,0
9/18/12,63,47,55,-9,  T,10
9/19/12,73,41,57,-6,0,8
9/20/12,72,51,62,0,0,3
9/21/12,60,48,54,-8,0.15,11
9/22/12,59,44,52,-10,0.02,13
9/23/12,61,40,51,-10,0,14
9/24/12,70,37,54,-7,0,11
9/25/12,77,49,63,2,0,2
9/26/12,68,53,61,1,0,4
9/27/12,65,46,56,-4,0,9
9/28/12,67,50,59,0,  T,6
9/29/12,79,48,64,5,0,1
9/30/12,66,50,58,-1,0,7
10/1/12,66,47,57,-1,0,8
10/2/12,69,53,61,3,0,4
10/3/12,63,59,61,4,0.26,4
10/4/12,77,48,63,6,0.12,2
10/5/12,50,39,45,-12,0,20
10/6/12,50,34,42,-14,0,23
10/7/12,51,36,44,-12,0,21
10/8/12,60,32,46,-10,0,19
10/9/12,65,42,54,-1,0.17,11
10/10/12,51,35,43,-12,0,22
10/11/12,67,35,51,-3,0.02,14
10/12/12,53,37,45,-9,  T,20
10/13/12,67,44,56,3,0.21,9
10/14/12,71,48,60,7,0.77,5
10/15/12,60,41,51,-2,0,14
10/16/12,70,40,55,3,0,10
10/17/12,68,54,61,9,0.51,4
10/18/12,54,45,50,-1,0.07,15
10/19/12,52,43,48,-3,0.02,17
10/20/12,59,39,49,-1,0,16
10/21/12,68,37,53,3,0,12
10/22/12,65,49,57,7,0.81,8
10/23/12,70,57,64,15,0.06,1
10/24/12,78,58,68,19,0,0
10/25/12,75,45,60,12,0.13,5
10/26/12,51,37,44,-4,0,21
10/27/12,48,34,41,-7,0,24
10/28/12,49,38,44,-3,0,21
10/29/12,51,36,44,-3,0,21
10/30/12,48,39,44,-2,0,21
10/31/12,50,34,42,-4,0,23
11/1/12,54,34,44,-1,0,21
11/2/12,48,34,41,-4,0,24
11/3/12,45,36,41,-4,  T,24
11/4/12,48,32,40,-4,0,25
11/5/12,44,32,38,-6,0,27
11/6/12,42,29,36,-7,0.13,29
11/7/12,47,40,44,1,0.03,21
11/8/12,45,35,40,-2,0,25
11/9/12,56,33,45,3,0,20
11/10/12,66,50,58,16,0.22,7
11/11/12,70,40,55,14,0.29,10
11/12/12,40,29,35,-6,  T,30
11/13/12,41,24,33,-7,0,32
11/14/12,45,29,37,-3,0,28
11/15/12,48,30,39,-1,0,26
11/16/12,54,27,41,2,0,24
11/17/12,55,26,41,2,0,24
11/18/12,57,31,44,6,0,21
11/19/12,59,36,48,10,0.01,17
11/20/12,58,40,49,12,0,16
11/21/12,54,34,44,7,0,21
11/22/12,63,42,53,16,0.27,12
11/23/12,42,28,35,-1,  T,30
11/24/12,32,24,28,-8,0,37
11/25/12,43,29,36,1,0,29
11/26/12,36,23,30,-5,0,35
11/27/12,33,17,25,-9,0,40
11/28/12,44,27,36,2,0,29
11/29/12,51,33,42,8,0,23
11/30/12,51,36,44,11,0,21
12/1/12,59,29,44,11,  T,21
12/2/12,63,44,54,22,0.06,11
12/3/12,70,46,58,26,  T,7
12/4/12,59,38,49,18,0,16
12/5/12,40,27,34,3,0,31
12/6/12,46,32,39,8,  T,26
12/7/12,46,41,44,14,0.08,21
12/8/12,42,36,39,9,0.15,26
12/9/12,41,35,38,8,0.21,27
12/10/12,38,31,35,6,  T,30
12/11/12,34,24,29,0,  T,36
12/12/12,46,28,37,9,0,28
12/13/12,49,32,41,13,0,24
12/14/12,50,26,38,10,0,27
12/15/12,50,37,44,17,0.34,21
12/16/12,49,38,44,17,  T,21
12/17/12,40,30,35,8,0,30
12/18/12,41,31,36,10,  T,29
12/19/12,43,32,38,12,0.08,27
12/20/12,49,33,41,15,1.26,24
12/21/12,33,20,27,1,0.01,38
12/22/12,32,17,25,0,0,40
12/23/12,34,21,28,3,0,37
12/24/12,34,28,31,6,  T,34
12/25/12,33,25,29,4,0.01,36
12/26/12,33,28,31,7,  T,34
12/27/12,33,28,31,7,  T,34
12/28/12,32,29,31,7,0.01,34
12/29/12,32,20,26,2,  T,39
12/30/12,33,14,24,1,0,41
12/31/12,35,20,28,5,0,37
1/1/13,25,11,18,-5,0,47
1/2/13,30,10,20,-3,0,45
1/3/13,29,18,24,1,  T,41
1/4/13,36,13,25,3,0,40
1/5/13,39,18,29,7,0.03,36
1/6/13,36,18,27,5,0,38
1/7/13,41,15,28,6,0,37
1/8/13,44,22,33,11,0,32
1/9/13,50,27,39,17,  T,26
1/10/13,45,22,34,12,0.63,31
1/11/13,52,42,47,25,0.3,18
1/12/13,53,30,42,20,0.06,23
1/13/13,30,14,22,1,0.1,43
1/14/13,25,12,19,-2,0,46
1/15/13,31,12,22,1,0,43
1/16/13,36,16,26,5,0,39
1/17/13,33,20,27,6,0,38
1/18/13,43,19,31,10,0,34
1/19/13,47,28,38,16,0,27
1/20/13,28,13,21,-1,0,44
1/21/13,15,5,10,-12,  T,55
1/22/13,11,-1,5,-17,0,60
1/23/13,23,10,17,-5,0.01,48
1/24/13,22,4,13,-9,  T,52
1/25/13,29,18,24,2,0.06,41
1/26/13,28,13,21,-1,0,44
1/27/13,37,23,30,8,0.58,35
1/28/13,48,37,43,21,0.08,22
1/29/13,63,39,51,28,1.33,14
1/30/13,44,21,33,10,0.45,32
1/31/13,21,6,14,-9,  T,51
,14,0,7,-16,0.02,58
,23,8,16,-7,0.12,49
,21,9,15,-9,0.04,50
,28,13,21,-3,0.19,44
,31,6,19,-5,0.02,46
,36,11,24,0,0,41
,34,31,33,8,1.07,32
,33,23,28,3,  T,37
,32,20,26,1,0,39
,49,30,40,14,0.29,25
,45,29,37,11,  T,28
,29,21,25,-1,0,40
,44,19,32,6,0,33
,39,33,36,9,  T,29
,33,20,27,0,  T,38
,20,12,16,-11,  T,49
,30,9,20,-8,0,45
,52,27,40,12,0.29,25
,30,12,21,-7,  T,44
,24,8,16,-13,0,49
,32,19,26,-3,0.07,39
,34,24,29,0,0.2,36
,28,22,25,-5,  T,40
,39,17,28,-2,0,37
,43,20,32,2,0,33
,36,32,34,3,0.45,31
,34,32,33,2,0.18,32
,35,27,31,0,0.02,34
,30,25,28,-4,0.02,37
,31,17,24,-8,  T,41
,34,15,25,-8,0,40
,34,18,26,-7,  T,39
,33,29,31,-2,0.66,34
,34,28,31,-3,  T,34
,40,26,33,-1,0,32
,40,19,30,-4,0,35
,44,30,37,2,0.04,28
,51,39,45,10,0.87,20
,48,33,41,5,0.07,24
,37,26,32,-4,0.05,33
,33,22,28,-8,  T,37
,37,23,30,-7,  T,35
,41,30,36,-1,0.2,29
,35,30,33,-4,  T,32
,35,26,31,-7,0,34
,35,21,28,-10,0.08,37
,32,17,25,-13,  T,40
,25,14,20,-19,  T,45
,33,14,24,-15,0,41
,41,20,31,-8,0,34
,41,25,33,-7,0,32
,37,32,35,-5,0.01,30
,38,32,35,-6,  T,30
,43,29,36,-5,0,29
,42,31,37,-4,0,28
,51,28,40,-2,0,25
,55,32,44,2,0,21
,59,28,44,2,  T,21
,59,36,48,5,  T,17
4/1/13,41,29,35,-8,0,30
4/2/13,45,25,35,-8,0,30
4/3/13,44,25,35,-8,0,30
4/4/13,58,25,42,-1,0,23
4/5/13,45,36,41,-3,0,24
4/6/13,70,36,53,9,0.04,12
4/7/13,59,40,50,5,  T,15
4/8/13,64,41,53,8,0.49,12
4/9/13,55,39,47,2,0.2,18
4/10/13,41,38,40,-6,0.94,25
4/11/13,46,38,42,-4,0.24,23
4/12/13,45,37,41,-5,  T,24
4/13/13,45,34,40,-7,  T,25
4/14/13,69,38,54,7,  T,11
4/15/13,66,44,55,8,0.36,10
4/16/13,58,40,49,1,0.01,16
4/17/13,49,42,46,-2,2.01,19
4/18/13,63,39,51,2,3.54,14
4/19/13,40,33,37,-12,0.01,28
4/20/13,47,31,39,-10,0,26
4/21/13,54,29,42,-8,0,23
4/22/13,67,38,53,2,0,12
4/23/13,59,38,49,-2,0.7,16
4/24/13,50,37,44,-7,0.04,21
4/25/13,51,38,45,-7,0.07,20
4/26/13,67,34,51,-1,0,14
4/27/13,68,43,56,4,0,9
4/28/13,65,49,57,4,0.03,8
4/29/13,74,47,61,8,0,4
4/30/13,85,61,73,20,0,0
5/1/13,84,56,70,17,0,0
5/2/13,55,42,49,-5,0.11,16
5/3/13,48,40,44,-10,0.05,21
5/4/13,71,48,60,6,0.02,5
5/5/13,69,48,59,4,  T,6
5/6/13,71,50,61,6,  T,4
5/7/13,75,48,62,7,0,3
5/8/13,79,48,64,8,0,1
5/9/13,75,46,61,5,0.32,4
5/10/13,47,44,46,-10,0.13,19
5/11/13,60,43,52,-5,0,13
5/12/13,55,37,46,-11,0,19
5/13/13,64,36,50,-8,0,15
5/14/13,91,50,71,13,0,0
5/15/13,84,60,72,14,0,0
5/16/13,83,53,68,9,0,0
5/17/13,70,55,63,4,  T,2
5/18/13,80,56,68,8,0,0
5/19/13,86,58,72,12,0,0
5/20/13,89,65,77,16,1.09,0
5/21/13,81,64,73,12,0.56,0
5/22/13,73,52,63,2,1.35,2
5/23/13,54,42,48,-13,0.06,17
5/24/13,57,41,49,-13,0,16
5/25/13,57,44,51,-11,0,14
5/26/13,68,44,56,-6,0.02,9
5/27/13,62,53,58,-4,0.23,7
5/28/13,76,56,66,3,0.2,0
5/29/13,84,64,74,10,0.01,0
5/30/13,83,64,74,10,0.51,0
5/31/13,77,64,71,7,0.3,0
6/1/13,76,63,70,6,0.56,0
6/2/13,63,43,53,-11,0.01,12
6/3/13,68,43,56,-8,0,9
6/4/13,72,50,61,-3,0,4
6/5/13,73,54,64,-1,0.01,1
6/6/13,64,52,58,-8,0.15,7
6/7/13,68,52,60,-6,  T,5
6/8/13,74,49,62,-4,0,3
6/9/13,80,55,68,2,0.01,0
6/10/13,76,60,68,1,0.26,0
6/11/13,83,60,72,5,  T,0
6/12/13,86,63,75,7,0.75,0
6/13/13,73,58,66,-2,0,0
6/14/13,78,56,67,-1,0,0
6/15/13,80,58,69,1,0.17,0
6/16/13,86,69,78,9,0,0
6/17/13,88,59,74,5,0.03,0
6/18/13,71,56,64,-6,0,1
6/19/13,75,53,64,-6,0,1
6/20/13,86,56,71,1,0,0
6/21/13,82,68,75,5,0.79,0
6/22/13,80,67,74,4,0.04,0
6/23/13,87,66,77,7,0.84,0
6/24/13,89,67,78,7,0.18,0
6/25/13,85,67,76,5,0.03,0
6/26/13,80,66,73,2,1.48,0
6/27/13,90,64,77,6,0.92,0
6/28/13,83,67,75,4,  T,0
6/29/13,72,64,68,-3,0,0
6/30/13,77,62,70,-2,0,0
7/1/13,75,59,67,-5,0,0
7/2/13,68,60,64,-8,  T,1
7/3/13,72,59,66,-6,0.02,0
7/4/13,83,56,70,-2,0,0
7/5/13,86,60,73,1,0,0
7/6/13,83,65,74,2,0,0
7/7/13,88,70,79,7,0,0
7/8/13,86,70,78,5,0.5,0
7/9/13,85,73,79,6,  T,0
7/10/13,85,66,76,3,0,0
7/11/13,81,64,73,0,0,0
7/12/13,83,58,71,-2,0,0
7/13/13,84,62,73,0,0,0
7/14/13,88,72,80,7,0,0
7/15/13,89,71,80,6,0.09,0
7/16/13,92,73,83,9,0,0
7/17/13,94,76,85,11,0,0
7/18/13,95,77,86,12,  T,0
7/19/13,96,71,84,10,0.58,0
7/20/13,89,71,80,6,0.06,0
7/21/13,88,68,78,4,0.01,0
7/22/13,87,71,79,5,  T,0
7/23/13,78,63,71,-3,0.03,0
7/24/13,72,60,66,-8,0,0
7/25/13,81,57,69,-5,0,0
7/26/13,70,62,66,-8,0.39,0
7/27/13,65,55,60,-14,0,5
7/28/13,69,54,62,-12,  T,3
7/29/13,76,57,67,-7,0,0
7/30/13,74,57,66,-8,0.04,0
7/31/13,75,62,69,-5,0.5,0
8/1/13,81,61,71,-2,0,0
8/2/13,84,62,73,0,0.63,0
8/3/13,81,64,73,0,0,0
8/4/13,75,60,68,-5,  T,0
8/5/13,75,58,67,-6,0.07,0
8/6/13,83,67,75,2,0.04,0
8/7/13,89,67,78,5,  T,0
8/8/13,78,65,72,-1,0,0
8/9/13,82,59,71,-2,  T,0
8/10/13,81,64,73,0,0,0
8/11/13,81,60,71,-2,0.01,0
8/12/13,82,67,75,2,0.27,0
8/13/13,70,58,64,-9,0,1
8/14/13,72,56,64,-8,0,1
8/15/13,75,55,65,-7,0,0
8/16/13,82,55,69,-3,0,0
8/17/13,81,57,69,-3,0,0
8/18/13,81,59,70,-2,0,0
8/19/13,85,57,71,0,0,0
8/20/13,88,66,77,6,0,0
8/21/13,90,68,79,8,0.01,0
8/22/13,78,68,73,2,0.23,0
8/23/13,82,62,72,1,0,0
8/24/13,86,60,73,2,0,0
8/25/13,89,65,77,7,0,0
8/26/13,92,70,81,11,0,0
8/27/13,96,77,87,17,0,0
8/28/13,83,71,77,7,0,0
8/29/13,89,66,78,8,0,0
8/30/13,96,67,82,12,0.36,0
8/31/13,78,71,75,6,0.07,0
9/1/13,85,65,75,7,0.14,0
9/2/13,79,60,70,2,0,0
9/3/13,77,57,67,-1,0,0
9/4/13,84,59,72,4,0,0
9/5/13,74,59,67,0,  T,0
9/6/13,86,57,72,5,0,0
9/7/13,88,65,77,10,0.01,0
9/8/13,77,71,74,8,0,0
9/9/13,94,68,81,15,0,0
9/10/13,95,77,86,20,0,0
9/11/13,91,75,83,18,  T,0
9/12/13,82,62,72,7,  T,0
9/13/13,67,52,60,-5,0,5
9/14/13,72,47,60,-4,0,5
9/15/13,62,56,59,-5,0.65,6
9/16/13,64,51,58,-6,0,7
9/17/13,71,49,60,-4,0,5
9/18/13,81,60,71,7,0.55,0
9/19/13,84,69,77,14,0.84,0
9/20/13,76,58,67,5,  T,0
9/21/13,67,52,60,-2,0,5
9/22/13,67,49,58,-4,0,7
9/23/13,67,46,57,-4,0,8
9/24/13,70,49,60,-1,0,5
9/25/13,70,51,61,0,0,4
9/26/13,75,50,63,3,0,2
9/27/13,81,52,67,7,0,0
9/28/13,84,55,70,11,0.2,0
9/29/13,68,51,60,1,0.18,5
9/30/13,74,47,61,2,0,4
10/1/13,79,62,71,13,0,0
10/2/13,76,62,69,11,0,0
10/3/13,78,60,69,12,0.12,0
10/4/13,74,65,70,13,  T,0
10/5/13,80,61,71,14,0.82,0
10/6/13,64,45,55,-1,0.09,10
10/7/13,68,45,57,1,  T,8
10/8/13,75,43,59,3,0,6
10/9/13,71,48,60,5,0,5
10/10/13,74,46,60,5,0,5
10/11/13,76,51,64,10,0,1
10/12/13,73,46,60,6,0.12,5
10/13/13,64,44,54,1,0,11
10/14/13,62,42,52,-1,0,13
10/15/13,64,49,57,4,0.07,8
10/16/13,54,47,51,-1,  T,14
10/17/13,53,40,47,-5,0.29,18
10/18/13,50,39,45,-6,0,20
10/19/13,54,42,48,-3,0.01,17
10/20/13,61,36,49,-1,0.01,16
10/21/13,55,33,44,-6,  T,21
10/22/13,42,29,36,-14,  T,29
10/23/13,46,32,39,-10,  T,26
10/24/13,44,31,38,-11,  T,27
10/25/13,51,29,40,-8,0,25
10/26/13,55,37,46,-2,0,19
10/27/13,54,29,42,-6,0,23
10/28/13,53,35,44,-3,0,21
10/29/13,57,42,50,3,  T,15
10/30/13,63,43,53,7,0.55,12
10/31/13,64,46,55,9,1.04,10
11/1/13,48,43,46,1,0.08,19
11/2/13,48,38,43,-2,0.01,22
11/3/13,53,33,43,-2,0,22
11/4/13,58,42,50,6,0,15
11/5/13,55,50,53,9,0.04,12
11/6/13,57,35,46,3,0.6,19
11/7/13,44,30,37,-6,0,28
11/8/13,48,28,38,-4,0,27
11/9/13,58,41,50,8,0,15
11/10/13,49,35,42,0,0,23
11/11/13,47,25,36,-5,0.29,29
11/12/13,33,22,28,-13,0,37
11/13/13,40,20,30,-10,0,35
11/14/13,49,32,41,1,0,24
11/15/13,50,38,44,4,0.01,21
11/16/13,61,42,52,13,0.4,13
11/17/13,69,43,56,17,0.39,9
11/18/13,43,30,37,-1,0,28
11/19/13,42,25,34,-4,0,31
11/20/13,45,28,37,0,0.15,28
11/21/13,51,41,46,9,0.05,19
11/22/13,43,27,35,-2,0.04,30
11/23/13,26,15,21,-15,  T,44
11/24/13,27,11,19,-17,0,46
11/25/13,31,22,27,-8,0.03,38
11/26/13,34,17,26,-9,  T,39
11/27/13,29,13,21,-13,0,44
11/28/13,34,19,27,-7,0,38
11/29/13,36,15,26,-8,0,39
11/30/13,50,29,40,7,0,25
12/1/13,42,29,36,3,0,29
12/2/13,44,29,37,5,0.07,28
12/3/13,50,37,44,12,0.02,21
12/4/13,56,39,48,17,0.02,17
12/5/13,39,21,30,-1,0,35
12/6/13,21,13,17,-14,0,48
12/7/13,21,8,15,-15,0,50
12/8/13,26,15,21,-9,0.24,44
12/9/13,25,0,13,-17,  T,52
12/10/13,21,-6,8,-21,  T,57
12/11/13,21,1,11,-18,0.05,54
12/12/13,19,-3,8,-20,0,57
12/13/13,32,13,23,-5,0.01,42
12/14/13,31,22,27,-1,0.23,38
12/15/13,22,10,16,-11,  T,49
12/16/13,21,7,14,-13,0.05,51
12/17/13,33,16,25,-2,0.01,40
12/18/13,35,15,25,-1,0,40
12/19/13,39,33,36,10,0.06,29
12/20/13,36,33,35,9,0.31,30
12/21/13,35,30,33,7,0.24,32
12/22/13,34,24,29,4,0.2,36
12/23/13,26,-1,13,-12,  T,52
12/24/13,18,-2,8,-17,0.01,57
12/25/13,27,18,23,-2,0.07,42
12/26/13,34,14,24,0,  T,41
12/27/13,41,21,31,7,0,34
12/28/13,50,33,42,18,0,23
12/29/13,40,11,26,2,0.01,39
12/30/13,13,1,7,-16,0.04,58
12/31/13,12,2,7,-16,0.3,58
1/1/14,22,10,16,-7,0.25,49
1/2/14,21,-1,10,-13,0.22,55
1/3/14,20,-12,4,-19,0,61
1/4/14,31,19,25,3,0.26,40
1/5/14,29,-3,13,-9,0.59,52
1/6/14,-2,-16,-9,-31,0,74
1/7/14,3,-12,-4,-26,0,69
1/8/14,17,-6,6,-16,0,59
1/9/14,27,-4,12,-10,0.01,53
1/10/14,40,27,34,12,0.8,31
1/11/14,40,31,36,14,0.06,29
1/12/14,44,28,36,14,0,29
1/13/14,45,27,36,15,0,29
1/14/14,35,22,29,8,0.01,36
1/15/14,22,15,19,-2,  T,46
1/16/14,34,19,27,6,0.01,38
1/17/14,20,12,16,-5,0.04,49
1/18/14,21,7,14,-7,0.12,51
1/19/14,37,10,24,2,0,41
1/20/14,35,13,24,2,0.18,41
1/21/14,13,0,7,-15,0.07,58
1/22/14,15,0,8,-14,  T,57
1/23/14,10,-5,3,-19,  T,62
1/24/14,28,-6,11,-11,0.02,54
1/25/14,33,7,20,-2,  T,45
1/26/14,31,6,19,-3,0.17,46
1/27/14,6,-7,0,-22,0,65
1/28/14,3,-11,-4,-26,0,69
1/29/14,23,1,12,-11,0,53
1/30/14,33,20,27,4,  T,38
1/31/14,28,17,23,0,0.01,42
,31,20,26,3,0.43,39
,21,-1,10,-13,0,55
,21,-6,8,-16,0,57
,24,7,16,-8,0.08,49
,25,9,17,-7,0.35,48
,14,-2,6,-18,  T,59
,11,-4,4,-21,0,61
,16,5,11,-14,0.07,54
,19,4,12,-13,  T,53
,12,-3,5,-21,0,60
,14,-8,3,-23,0,62
,24,-5,10,-16,0,55
,32,10,21,-5,  T,44
,22,12,17,-10,0,48
,24,3,14,-13,0.04,51
,29,17,23,-4,  T,42
,28,23,26,-2,0.35,39
,46,16,31,3,0,34
,44,30,37,9,0,28
,49,34,42,13,1.16,23
,37,26,32,3,  T,33
,35,21,28,-1,0,37
,28,15,22,-8,0,43
,25,12,19,-11,0,46
,22,6,14,-16,0,51
,18,1,10,-21,0,55
,18,4,11,-20,  T,54
,30,3,17,-14,0,48
3/1/14,31,11,21,-11,0.29,44
3/2/14,14,1,8,-24,0.09,57
3/3/14,19,-2,9,-24,  T,56
3/4/14,27,12,20,-13,  T,45
3/5/14,23,19,21,-12,0.15,44
3/6/14,33,16,25,-9,0,40
3/7/14,47,13,30,-4,0,35
3/8/14,38,21,30,-4,0.02,35
3/9/14,42,19,31,-4,0,34
3/10/14,53,40,47,12,0,18
3/11/14,50,34,42,6,0.14,23
3/12/14,34,14,24,-12,0.48,41
3/13/14,39,11,25,-11,0,40
3/14/14,53,37,45,8,0,20
3/15/14,40,27,34,-3,  T,31
3/16/14,27,19,23,-14,  T,42
3/17/14,40,20,30,-8,0,35
3/18/14,52,27,40,2,  T,25
3/19/14,46,34,40,2,0.19,25
3/20/14,47,30,39,0,0.04,26
3/21/14,58,30,44,5,0,21
3/22/14,41,26,34,-5,0,31
3/23/14,32,19,26,-14,0,39
3/24/14,36,20,28,-12,0,37
3/25/14,31,20,26,-15,0.05,39
3/26/14,39,15,27,-14,0,38
3/27/14,55,34,45,4,0.2,20
3/28/14,55,34,45,3,0.06,20
3/29/14,41,28,35,-7,0,30
3/30/14,57,25,41,-1,0,24
3/31/14,68,41,55,12,  T,10
4/1/14,57,32,45,2,0,20
4/2/14,45,34,40,-3,  T,25
4/3/14,43,35,39,-4,0.53,26
4/4/14,48,34,41,-2,  T,24
4/5/14,51,31,41,-3,0,24
4/6/14,57,31,44,0,0,21
4/7/14,54,36,45,0,0,20
4/8/14,60,40,50,5,0.02,15
4/9/14,62,33,48,3,0,17
4/10/14,66,41,54,8,  T,11
4/11/14,70,37,54,8,0,11
4/12/14,80,44,62,16,0,3
4/13/14,69,42,56,9,0.43,9
4/14/14,63,30,47,0,0.3,18
4/15/14,38,26,32,-15,  T,33
4/16/14,52,26,39,-9,0,26
4/17/14,62,40,51,3,0,14
4/18/14,51,38,45,-4,0,20
4/19/14,66,37,52,3,0,13
4/20/14,79,41,60,11,0,5
4/21/14,74,58,66,16,  T,0
4/22/14,61,36,49,-2,0,16
4/23/14,51,33,42,-9,0.02,23
4/24/14,64,39,52,1,0.06,13
4/25/14,70,45,58,6,0.22,7
4/26/14,57,40,49,-3,0,16
4/27/14,60,42,51,-1,0.03,14
4/28/14,55,45,50,-3,0.61,15
4/29/14,59,47,53,0,0.61,12
4/30/14,53,43,48,-5,0.01,17
5/1/14,49,42,46,-7,0.09,19
5/2/14,53,46,50,-4,  T,15
5/3/14,67,46,57,3,0,8
5/4/14,58,44,51,-3,0,14
5/5/14,55,43,49,-6,0.05,16
5/6/14,63,41,52,-3,0,13
5/7/14,78,48,63,8,  T,2
5/8/14,89,51,70,14,0.1,0
5/9/14,73,54,64,8,1.03,1
5/10/14,77,47,62,6,0,3
5/11/14,81,52,67,10,0.12,0
5/12/14,84,64,74,17,2.09,0
5/13/14,67,52,60,2,0.12,5
5/14/14,56,44,50,-8,0.02,15
5/15/14,55,40,48,-10,0.19,17
5/16/14,46,37,42,-17,0.1,23
5/17/14,60,39,50,-9,0,15
5/18/14,69,47,58,-2,0,7
5/19/14,69,45,57,-3,  T,8
5/20/14,85,62,74,13,0.82,0
5/21/14,86,63,75,14,0.01,0
5/22/14,70,53,62,1,0,3
5/23/14,69,48,59,-2,0,6
5/24/14,74,47,61,-1,0,4
5/25/14,83,50,67,5,0,0
5/26/14,87,61,74,12,0,0
5/27/14,85,58,72,10,0.21,0
5/28/14,71,56,64,1,0.03,1
5/29/14,76,54,65,1,0,0
5/30/14,79,53,66,2,0,0
5/31/14,88,54,71,7,0,0
6/1/14,90,63,77,13,  T,0
6/2/14,83,68,76,12,0.14,0
6/3/14,81,66,74,10,0,0
6/4/14,70,55,63,-1,0.19,2
6/5/14,76,52,64,-1,0,1
6/6/14,81,49,65,-1,0,0
6/7/14,84,57,71,5,0.08,0
6/8/14,72,54,63,-3,0.23,2
6/9/14,78,55,67,1,0,0
6/10/14,66,56,61,-6,1.26,4
6/11/14,67,57,62,-5,0.52,3
6/12/14,79,58,69,1,  T,0
6/13/14,75,55,65,-3,0,0
6/14/14,79,52,66,-2,0,0
6/15/14,84,60,72,4,0,0
6/16/14,88,67,78,9,0,0
6/17/14,91,77,84,15,  T,0
6/18/14,82,61,72,2,0.65,0
6/19/14,79,59,69,-1,0.32,0
6/20/14,85,63,74,4,0.01,0
6/21/14,84,60,72,2,1.28,0
6/22/14,82,63,73,3,0,0
6/23/14,81,66,74,4,0.05,0
6/24/14,87,70,79,8,0.41,0
6/25/14,80,59,70,-1,  T,0
6/26/14,78,59,69,-2,0,0
6/27/14,88,59,74,3,  T,0
6/28/14,87,71,79,8,0,0
6/29/14,85,69,77,6,0.07,0
6/30/14,87,67,77,5,2.6,0
7/1/14,80,67,74,2,  T,0
7/2/14,70,56,63,-9,0.12,2
7/3/14,76,56,66,-6,0.07,0
7/4/14,79,58,69,-3,0,0
7/5/14,77,60,69,-3,  T,0
7/6/14,87,63,75,3,0,0
7/7/14,88,71,80,8,0.63,0
7/8/14,81,66,74,1,0.54,0
7/9/14,80,62,71,-2,0,0
7/10/14,79,60,70,-3,0,0
7/11/14,81,60,71,-2,0.01,0
7/12/14,80,70,75,2,0.47,0
7/13/14,85,68,77,4,0.01,0
7/14/14,80,61,71,-2,0.2,0
7/15/14,70,55,63,-11,0.05,2
7/16/14,72,55,64,-10,0,1
7/17/14,78,54,66,-8,0,0
7/18/14,79,59,69,-5,0,0
7/19/14,80,57,69,-5,0,0
7/20/14,82,60,71,-3,0,0
7/21/14,86,63,75,1,0,0
7/22/14,90,69,80,6,0.01,0
7/23/14,75,59,67,-7,0,0
7/24/14,75,57,66,-8,0,0
7/25/14,75,55,65,-9,  T,0
7/26/14,84,68,76,2,0,0
7/27/14,87,65,76,2,0.02,0
7/28/14,73,59,66,-8,0,0
7/29/14,81,58,70,-4,0.01,0
7/30/14,79,59,69,-5,0,0
7/31/14,84,59,72,-2,0,0
8/1/14,85,62,74,1,0.15,0
8/2/14,86,59,73,0,0,0
8/3/14,87,62,75,2,0,0
8/4/14,87,67,77,4,2.76,0
8/5/14,80,64,72,-1,  T,0
8/6/14,80,62,71,-2,0,0
8/7/14,81,61,71,-2,0,0
8/8/14,82,66,74,1,0,0
8/9/14,80,66,73,0,0,0
8/10/14,81,69,75,2,0,0
8/11/14,82,67,75,2,0.85,0
8/12/14,70,61,66,-7,0.07,0
8/13/14,82,57,70,-3,0,0
8/14/14,72,57,65,-7,0,0
8/15/14,78,52,65,-7,0,0
8/16/14,82,62,72,0,0,0
8/17/14,71,64,68,-4,  T,0
8/18/14,83,65,74,2,0,0
8/19/14,86,69,78,7,0.09,0
8/20/14,86,66,76,5,0,0
8/21/14,79,70,75,4,0.98,0
8/22/14,86,72,79,8,1.58,0
8/23/14,86,68,77,6,0.34,0
8/24/14,88,70,79,8,0,0
8/25/14,88,71,80,10,0.01,0
8/26/14,85,71,78,8,0.12,0
8/27/14,82,67,75,5,0,0
8/28/14,77,67,72,2,  T,0
8/29/14,86,71,79,9,0.08,0
8/30/14,83,70,77,7,0.27,0
8/31/14,85,68,77,8,0,0
9/1/14,83,70,77,9,0.36,0
9/2/14,82,67,75,7,0.01,0
9/3/14,83,61,72,4,0,0
9/4/14,85,71,78,10,0.26,0
9/5/14,88,64,76,9,0.5,0
9/6/14,75,60,68,1,0,0
9/7/14,80,54,67,0,0,0
9/8/14,77,55,66,0,0,0
9/9/14,79,63,71,5,0.01,0
9/10/14,80,56,68,2,1.31,0
9/11/14,56,50,53,-12,0,12
9/12/14,55,44,50,-15,0.13,15
9/13/14,59,41,50,-15,0,15
9/14/14,65,42,54,-10,0,11
9/15/14,62,51,57,-7,  T,8
9/16/14,68,44,56,-8,0,9
9/17/14,70,48,59,-5,0,6
9/18/14,70,53,62,-2,0,3
9/19/14,78,53,66,3,0,0
9/20/14,77,63,70,8,0.12,0
9/21/14,69,51,60,-2,  T,5
9/22/14,67,46,57,-5,0,8
9/23/14,74,51,63,2,0,2
9/24/14,77,54,66,5,0,0
9/25/14,74,56,65,4,0,0
9/26/14,79,51,65,5,0,0
9/27/14,79,54,67,7,0,0
9/28/14,78,53,66,7,0,0
9/29/14,83,53,68,9,0.01,0
9/30/14,58,47,53,-6,  T,12
10/1/14,70,49,60,2,0,5
10/2/14,72,63,68,10,0.32,0
10/3/14,65,43,54,-3,0.68,11
10/4/14,47,35,41,-16,0.06,24
10/5/14,55,37,46,-11,0.01,19
10/6/14,61,42,52,-4,0.01,13
10/7/14,66,48,57,1,  T,8
10/8/14,65,44,55,-1,0,10
10/9/14,62,43,53,-2,0,12
10/10/14,58,39,49,-6,0,16
10/11/14,59,36,48,-6,0,17
10/12/14,63,38,51,-3,0.01,14
10/13/14,67,56,62,9,0.64,3
10/14/14,65,52,59,6,0.65,6
10/15/14,55,50,53,0,0.05,12
10/16/14,56,50,53,1,  T,12
10/17/14,62,48,55,3,  T,10
10/18/14,50,36,43,-8,0.01,22
10/19/14,54,33,44,-7,0,21
10/20/14,65,46,56,6,0.01,9
10/21/14,53,45,49,-1,0,16
10/22/14,56,35,46,-4,0,19
10/23/14,59,36,48,-1,0,17
10/24/14,67,52,60,11,0,5
10/25/14,72,49,61,13,0,4
10/26/14,64,42,53,5,0,12
10/27/14,77,51,64,16,0,1
10/28/14,68,45,57,10,  T,8
10/29/14,49,36,43,-4,0,22
10/30/14,51,32,42,-4,0,23
10/31/14,47,33,40,-6,0.03,25
11/1/14,43,29,36,-9,0,29
11/2/14,51,25,38,-7,0,27
11/3/14,62,43,53,8,0,12
11/4/14,60,44,52,8,  T,13
11/5/14,60,34,47,3,  T,18
11/6/14,51,38,45,2,  T,20
11/7/14,43,29,36,-7,0,29
11/8/14,47,36,42,0,0.01,23
11/9/14,52,35,44,2,  T,21
11/10/14,62,41,52,10,0,13
11/11/14,58,31,45,4,0.21,20
11/12/14,31,24,28,-13,  T,37
11/13/14,29,24,27,-13,  T,38
11/14/14,27,21,24,-16,  T,41
11/15/14,31,17,24,-16,0.04,41
11/16/14,31,18,25,-14,0.01,40
11/17/14,21,11,16,-23,  T,49
11/18/14,19,9,14,-24,  T,51
11/19/14,32,17,25,-13,  T,40
11/20/14,27,14,21,-16,0,44
11/21/14,35,7,21,-16,0,44
11/22/14,52,33,43,6,0.07,22
11/23/14,52,48,50,14,0.63,15
11/24/14,49,24,37,1,0.43,28
11/25/14,26,18,22,-13,0.01,43
11/26/14,29,17,23,-12,  T,42
11/27/14,27,15,21,-13,  T,44
11/28/14,34,18,26,-8,  T,39
11/29/14,51,29,40,6,0,25
11/30/14,50,24,37,4,  T,28
12/1/14,25,18,22,-11,0,43
12/2/14,34,18,26,-6,  T,39
12/3/14,37,24,31,-1,0,34
12/4/14,35,23,29,-2,0,36
12/5/14,40,32,36,5,0,29
12/6/14,40,26,33,2,0,32
12/7/14,36,26,31,1,0,34
12/8/14,37,32,35,5,0.2,30
12/9/14,38,31,35,5,  T,30
12/10/14,33,28,31,2,  T,34
12/11/14,32,23,28,-1,0,37
12/12/14,37,23,30,2,  T,35
12/13/14,47,35,41,13,0,24
12/14/14,50,45,48,20,  T,17
12/15/14,46,42,44,17,0.06,21
12/16/14,45,29,37,10,0.02,28
12/17/14,29,24,27,0,  T,38
12/18/14,28,19,24,-2,0,41
12/19/14,32,27,30,4,  T,35
12/20/14,33,28,31,5,  T,34
12/21/14,36,31,34,8,  T,31
12/22/14,41,28,35,10,0.32,30
12/23/14,48,38,43,18,0.19,22
12/24/14,40,36,38,13,  T,27
12/25/14,42,33,38,13,0,27
12/26/14,50,36,43,19,0,22
12/27/14,49,31,40,16,  T,25
12/28/14,35,22,29,5,0,36
12/29/14,30,19,25,1,0,40
12/30/14,20,9,15,-8,0,50
12/31/14,18,4,11,-12,0,54